COUNTRY,ORIGEN,PRODUCTO,QUANTITY,SUPLIER'S NAME,SUPPLIER'S PRICE,FIXED PRICE,SALE PRICE,currency
ARGENTINA,BUENOS AIRES,20DC CW,0,TRITON,0,,,USD
ARGENTINA,BUENOS AIRES,20DC IICL,0,TRITON,0,,,USD
ARGENTINA,BUENOS AIRES,40DC CW,0,TRITON,1800,1800,,USD
BELGIUM,ANTWERP,20DC CW,33,UESHK,900,,,USD
BELGIUM,ANTWERP,20DC CW,86,PROGECO,840,,,EUR
BELGIUM,ANTWERP,20FR CW,0,PROGECO,1700,,,EUR
BELGIUM,ANTWERP,20OT CW,0,PROGECO,1700,,,EUR
BELGIUM,ANTWERP,20RF CW,4,PROGECO,3200,,,EUR
BELGIUM,ANTWERP,40DC CW,10,UESHK,1100,,,USD
BELGIUM,ANTWERP,40DC CW,91,PROGECO,1000,,,EUR
BELGIUM,ANTWERP,40FR CW,0,PROGECO,840,,,EUR
BELGIUM,ANTWERP,40HC CW,0,PROGECO,1400,,,EUR
BELGIUM,ANTWERP,40HC CW,4,UESHK,1550,,,USD
BELGIUM,ANTWERP,40HC PW CW,0,PROGECO,1450,,,EUR
BELGIUM,ANTWERP,40OT CW,0,PROGECO,2900,,,EUR
BELGIUM,ANTWERP,40OT CW,2,TRITON,3325,,,EUR
BELGIUM,ANTWERP,40OT CW,2,ALCONET,3350,,,EUR
BELGIUM,ANTWERP,40PW CW,30,PROGECO,2900,,,EUR
BELGIUM,ANTWERP,40RH CW,52,PROGECO,2800,,,EUR
BELGIUM,ANTWERP,45HC CW,47,PROGECO,1550,,,EUR
BRAZIL,ITAJAI,20DC CW,0,TRITON,0,,,USD
BRAZIL,ITAJAI,40DC CW,0,TRITON,0,,,USD
BRAZIL,ITAJAI,40HC CW,0,TRITON,0,,,USD
BRAZIL,MANAUS,40DC ASIS,0,TRITON,1400,,,USD
BRAZIL,MANAUS,40DC CW,0,TRITON,1500,,,USD
BRAZIL,MANAUS,40HC ASIS,0,TRITON,1500,,,USD
BRAZIL,MANAUS,40HC CW,0,TRITON,1600,,,USD
BRAZIL,PARANGUA,20DC ASIS,0,TRITON,1200,,,USD
BRAZIL,PARANGUA,20DC CW,0,TRITON,1200,,,USD
BRAZIL,PARANGUA,20DC IICL,0,TRITON,1250,,,USD
BRAZIL,PARANGUA,40DC CW,0,TRITON,1500,,,USD
BRAZIL,PARANGUA,40HC CW,0,TRITON,1600,,,USD
BRAZIL,RIO DE JANEIRO,20DC CW,0,TRITON,1200,,,USD
BRAZIL,RIO DE JANEIRO,20DC IICL,0,TRITON,1250,,,USD
BRAZIL,RIO GRANDE,40DC ASIS,0,TRITON,1400,,,USD
BRAZIL,RIO GRANDE,40DC CW,0,TRITON,1500,,,USD
BRAZIL,RIO GRANDE,40HC CW,0,TRITON,1600,,,USD
BRAZIL,SANTOS,20DC ASIS,0,TRITON,900,,,USD
BRAZIL,SANTOS,20DC CW,0,TRITON,1100,,,USD
BRAZIL,SANTOS,40DC ASIS,0,TRITON,1400,,,USD
BRAZIL,SANTOS,40DC CW,0,TRITON,1500,,,USD
BRAZIL,SANTOS,40DC IICL,0,TRITON,1550,,,USD
BRAZIL,SANTOS,40HC ASIS,0,TRITON,1450,,,USD
BRAZIL,SANTOS,40HC CW,0,TRITON,1600,,,USD
BRAZIL,SANTOS,40RF CW,0,TRITON,4000,,,USD
CHILE,SAN ANTONIO,20DC ASIS,0,TRITON,1000,,,USD
CHILE,SAN ANTONIO,20DC CW,0,TRITON,1100,,,USD
CHILE,SAN ANTONIO,40DC ASIS,0,TRITON,1300,,,USD
CHILE,SAN ANTONIO,40DC CW,0,TRITON,1400,,,USD
CHILE,SAN ANTONIO,40HC ASIS,0,TRITON,1400,,,USD
CHILE,SAN ANTONIO,40HC CW,0,TRITON,1500,,,USD
CHILE,SANTIAGO,40DC CW,0,TRITON,1400,,,USD
CHILE,SANTIAGO,40HC CW,0,TRITON,1500,,,USD
CHILE,VALPARAISO,20DC CW,0,TRITON,1100,,,USD
CHILE,VALPARAISO,40DC CW,0,TRITON,1400,,,USD
CHILE,VALPARAISO,40HC CW,0,TRITON,1500,,,USD
CHINA,CHENGDU,20DC CW,100,TRITON,1900,,,EUR
CHINA,NINGBO,20DC CW,100,TRITON,1150,,,EUR
CHINA,NINGBO,40DC CW,100,TRITON,1350,,,EUR
CHINA,NINGBO,40HC CW,7,SEACO,1900,,,USD
CHINA,NINGBO,40HC CW,100,TRITON,1900,,,EUR
CHINA,NINGBO,40HC CW,121,CAI,1700,,,USD
CHINA,NINGBO,40HC CW,0,TEXTAINER,1800,,,USD
CHINA,QUINGDAO,20DC CW,100,TRITON,1050,,,EUR
CHINA,QUINGDAO,40DC CW,100,TRITON,1400,,,EUR
CHINA,QUINGDAO,40HC CW,45,CAI,1700,,,USD
CHINA,QUINGDAO,40HC CW,100,TRITON,1900,,,EUR
CHINA,SHANGHAI,20DC CW,100,TRITON,1050,,,EUR
CHINA,SHANGHAI,40DC CW,100,TRITON,1425,,,EUR
CHINA,SHANGHAI,40HC CW,100,TRITON,1900,,,EUR
CHINA,SHANGHAI,40HC CW,121,CAI,1700,,,USD
CHINA,SHANGHAI,40HC NEW,0,SINGAMAS,3335,,,USD
CHINA,SHANGHAI,40HC NEW,0,TEXTAINER,3400,,,USD
CHINA,SHENZHEN,40HC CW,0,SEACO,1900,,,USD
CHINA,TIANJIN,20DC CW,20,SEACUBE,850,,,USD
CHINA,TIANJIN,20DC CW,100,TRITON,1050,,,EUR
CHINA,TIANJIN,40DC CW,50,TRITON,1550,,,EUR
CHINA,TIANJIN,40HC CW,100,TRITON,1900,,,EUR
CHINA,YANTIAN,20DC CW,100,TRITON,1050,,,EUR
CHINA,YANTIAN,40DC CW,100,TRITON,1350,,,EUR
CHINA,YANTIAN,40HC CW,2,CAI,1700,,,USD
CHINA,YANTIAN,40HC CW,100,TRITON,1900,,,EUR
COLOMBIA,BOGOTA,20DC CW,0,(en blanco),0,,,
COLOMBIA,BOGOTA,40HC CW,0,(en blanco),0,2200,,
COLOMBIA,BOGOTA,40RF CW,0,(en blanco),0,,,
COSTA RICA,CALDERA,20DC ASIS,0,MAERSK,1045,,,USD
COSTA RICA,CALDERA,40DC ASIS,0,MAERSK,1125,,,USD
COSTA RICA,CALDERA,45HC ASIS,0,MAERSK,2800,,,USD
COSTA RICA,PUERTO LIMON,20DC ASIS,0,MAERSK,1045,,,USD
COSTA RICA,PUERTO LIMON,40DC ASIS,0,MAERSK,1125,,,USD
COSTA RICA,PUERTO LIMON,40RF CW,0,ZIM,3700,,,USD
ECUADOR,ESMERALDA,20DC ASIS,0,MAERSK,855,,,USD
ECUADOR,ESMERALDA,40DC ASIS,0,MAERSK,990,,,USD
ECUADOR,ESMERALDA,40HC ASIS,0,MAERSK,1575,,,USD
ECUADOR,GUAYAQUIL,20DC ASIS,0,MAERSK,1235,,,USD
ECUADOR,GUAYAQUIL,20DC CW,0,TRITON,1100,,,USD
ECUADOR,GUAYAQUIL,40DC ASIS,0,MAERSK,1080,,,USD
ECUADOR,GUAYAQUIL,40HC ASIS,0,MAERSK,1665,,,USD
ECUADOR,GUAYAQUIL,40HC CW,0,TRITON,0,,,USD
ECUADOR,GUAYAQUIL,40HC IICL,0,TRITON,0,,,USD
FINALND,HELSINKI,40HC CW,1,CAI,1450,,,EUR
FRANCE,BORDEAUX,20DC CW,3,PROGECO,1500,,,EUR
FRANCE,BORDEAUX,20FR CW,3,PROGECO,2400,,,EUR
FRANCE,BORDEAUX,20OT CW,4,PROGECO,2400,,,EUR
FRANCE,BORDEAUX,20RF CW,3,PROGECO,2800,,,EUR
FRANCE,BORDEAUX,40DC CW,10,PROGECO,1500,,,EUR
FRANCE,BORDEAUX,40FR CW,0,PROGECO,1500,,,EUR
FRANCE,BORDEAUX,40HC CW,19,PROGECO,1650,,,EUR
FRANCE,BORDEAUX,40HC PW CW,0,PROGECO,1600,,,EUR
FRANCE,BORDEAUX,40OT CW,0,PROGECO,3100,,,EUR
FRANCE,BORDEAUX,40PW CW,0,PROGECO,3100,,,EUR
FRANCE,BORDEAUX,40RH CW,7,PROGECO,3800,,,EUR
FRANCE,BORDEAUX,45HC CW,0,PROGECO,1600,,,EUR
FRANCE,DUNKERQUE,20DC CW,40,PROGECO,1200,,,EUR
FRANCE,DUNKERQUE,20FR CW,5,PROGECO,2400,,,EUR
FRANCE,DUNKERQUE,20OT CW,7,PROGECO,2400,,,EUR
FRANCE,DUNKERQUE,20RF CW,1,PROGECO,2800,,,EUR
FRANCE,DUNKERQUE,40DC CW,6,PROGECO,1250,,,EUR
FRANCE,DUNKERQUE,40FR CW,0,PROGECO,1200,,,EUR
FRANCE,DUNKERQUE,40HC CW,47,PROGECO,1500,,,EUR
FRANCE,DUNKERQUE,40HC PW CW,2,PROGECO,1450,,,EUR
FRANCE,DUNKERQUE,40OT CW,0,PROGECO,3100,,,EUR
FRANCE,DUNKERQUE,40PW CW,1,PROGECO,3100,,,EUR
FRANCE,DUNKERQUE,40RH CW,46,PROGECO,3200,,,EUR
FRANCE,DUNKERQUE,45HC CW,0,PROGECO,1600,,,EUR
FRANCE,FOS SUR MER,20DC CW,27,PROGECO,1350,,,EUR
FRANCE,FOS SUR MER,20FR CW,6,PROGECO,2400,,,EUR
FRANCE,FOS SUR MER,20OT CW,13,PROGECO,2400,,,EUR
FRANCE,FOS SUR MER,20RF CW,3,PROGECO,2800,,,EUR
FRANCE,FOS SUR MER,40DC CW,80,PROGECO,1150,,,EUR
FRANCE,FOS SUR MER,40FR CW,0,PROGECO,1350,,,EUR
FRANCE,FOS SUR MER,40HC CW,0,PROGECO,1450,,,EUR
FRANCE,FOS SUR MER,40HC PW CW,5,PROGECO,1400,,,EUR
FRANCE,FOS SUR MER,40OT CW,1,PROGECO,3100,,,EUR
FRANCE,FOS SUR MER,40PW CW,2,PROGECO,3100,,,EUR
FRANCE,FOS SUR MER,40RH CW,3,PROGECO,3200,,,EUR
FRANCE,FOS SUR MER,45HC CW,0,PROGECO,1600,,,EUR
FRANCE,LE HAVRE,20DC CW,15,PROGECO,1250,,,EUR
FRANCE,LE HAVRE,20FR CW,2,PROGECO,2400,,,EUR
FRANCE,LE HAVRE,20OT CW,10,PROGECO,2400,,,EUR
FRANCE,LE HAVRE,20RF CW,6,PROGECO,2600,,,EUR
FRANCE,LE HAVRE,40DC CW,7,PROGECO,1050,,,EUR
FRANCE,LE HAVRE,40FR CW,0,PROGECO,1250,,,EUR
FRANCE,LE HAVRE,40HC CW,10,PROGECO,1500,,,EUR
FRANCE,LE HAVRE,40HC CW,24,CAI,1400,,,EUR
FRANCE,LE HAVRE,40HC PW CW,5,PROGECO,1450,,,EUR
FRANCE,LE HAVRE,40OT CW,0,PROGECO,3100,,,EUR
FRANCE,LE HAVRE,40PW CW,7,PROGECO,3100,,,EUR
FRANCE,LE HAVRE,40RH CW,49,PROGECO,3200,,,EUR
FRANCE,LE HAVRE,45HC CW,0,PROGECO,1600,,,EUR
FRANCE,LE HAVRE,45HC PW CW,0,(en blanco),0,,,
FRANCE,LYON,20DC CW,3,PROGECO,1450,,,EUR
FRANCE,LYON,20FR CW,1,PROGECO,2400,,,EUR
FRANCE,LYON,20OT CW,0,PROGECO,2400,,,EUR
FRANCE,LYON,20RF CW,0,PROGECO,NA,,,EUR
FRANCE,LYON,40DC CW,20,PROGECO,1300,,,EUR
FRANCE,LYON,40FR CW,0,PROGECO,1450,,,EUR
FRANCE,LYON,40HC CW,2,PROGECO,1500,,,EUR
FRANCE,LYON,40HC PW CW,4,PROGECO,1450,,,EUR
FRANCE,LYON,40OT CW,0,PROGECO,3100,,,EUR
FRANCE,LYON,40PW CW,0,PROGECO,3100,,,EUR
FRANCE,LYON,40RH CW,2,PROGECO,0,,,EUR
FRANCE,LYON,45HC CW,0,PROGECO,1600,,,EUR
FRANCE,MARSEILLE,20DC CW,8,PROGECO,1400,,,EUR
FRANCE,MARSEILLE,20FR CW,3,PROGECO,2400,,,EUR
FRANCE,MARSEILLE,20OT CW,5,PROGECO,2400,,,EUR
FRANCE,MARSEILLE,20RF CW,1,PROGECO,2800,,,EUR
FRANCE,MARSEILLE,40DC CW,3,PROGECO,1250,,,EUR
FRANCE,MARSEILLE,40FR CW,0,PROGECO,1400,,,EUR
FRANCE,MARSEILLE,40HC CW,0,PROGECO,1550,,,EUR
FRANCE,MARSEILLE,40HC PW CW,8,PROGECO,1550,,,EUR
FRANCE,MARSEILLE,40OT CW,1,PROGECO,3100,,,EUR
FRANCE,MARSEILLE,40PW CW,14,PROGECO,3100,,,EUR
FRANCE,MARSEILLE,40RH CW,57,PROGECO,3200,,,EUR
FRANCE,MARSEILLE,45HC CW,0,PROGECO,1600,,,EUR
FRANCE,ROUEN,20DC CW,14,PROGECO,0,,,
FRANCE,ROUEN,20FR CW,0,PROGECO,0,,,
FRANCE,ROUEN,20OT CW,2,PROGECO,0,,,
FRANCE,ROUEN,20RF CW,0,PROGECO,0,,,
FRANCE,ROUEN,40DC CW,2,PROGECO,0,,,
FRANCE,ROUEN,40FR CW,0,PROGECO,0,,,
FRANCE,ROUEN,40HC CW,3,PROGECO,0,,,
FRANCE,ROUEN,40HC PW CW,1,PROGECO,0,,,
FRANCE,ROUEN,40OT CW,0,PROGECO,0,,,
FRANCE,ROUEN,40PW CW,0,PROGECO,0,,,
FRANCE,ROUEN,40RH CW,0,PROGECO,0,,,
FRANCE,ROUEN,45HC CW,0,PROGECO,0,,,
GERMANY,DUISBURG,20DC CW,0,PROGECO,1000,,,EUR
GERMANY,DUISBURG,20FR CW,0,PROGECO,1700,,,EUR
GERMANY,DUISBURG,20OT CW,0,PROGECO,1700,,,EUR
GERMANY,DUISBURG,20RF CW,0,PROGECO,0,,,EUR
GERMANY,DUISBURG,40DC CW,0,PROGECO,1150,,,EUR
GERMANY,DUISBURG,40FR CW,0,PROGECO,1000,,,EUR
GERMANY,DUISBURG,40HC CW,0,PROGECO,1450,,,EUR
GERMANY,DUISBURG,40HC CW,5,CAI,1475,,,EUR
GERMANY,DUISBURG,40HC PW CW,0,PROGECO,1400,,,EUR
GERMANY,DUISBURG,40OT CW,0,PROGECO,2900,,,EUR
GERMANY,DUISBURG,40PW CW,0,PROGECO,2900,,,EUR
GERMANY,DUISBURG,40RH CW,0,PROGECO,0,,,
GERMANY,DUISBURG,45HC CW,0,PROGECO,1400,,,EUR
GERMANY,HAMBURG,20DC CW,21,PROGECO,1050,,,EUR
GERMANY,HAMBURG,20FR CW,0,PROGECO,1700,,,EUR
GERMANY,HAMBURG,20OT CW,0,PROGECO,1700,,,EUR
GERMANY,HAMBURG,20RF CW,0,PROGECO,2700,,,EUR
GERMANY,HAMBURG,40DC CW,35,PROGECO,1150,,,EUR
GERMANY,HAMBURG,40FR CW,0,PROGECO,1050,,,EUR
GERMANY,HAMBURG,40HC CW,0,PROGECO,1450,,,EUR
GERMANY,HAMBURG,40HC CW,1,CAI,1500,,,EUR
GERMANY,HAMBURG,40HC CW,5,UESHK,1550,,,
GERMANY,HAMBURG,40HC PW CW,0,PROGECO,1400,,,EUR
GERMANY,HAMBURG,40OT CW,0,PROGECO,2900,,,EUR
GERMANY,HAMBURG,40PW CW,0,PROGECO,2900,,,EUR
GERMANY,HAMBURG,40RH CW,35,PROGECO,2800,,,EUR
GERMANY,HAMBURG,45HC CW,0,PROGECO,1400,,,EUR
GUATEMALA,CIUDAD DE GUATEMALA,20DC ASIS,0,MAERSK,1045,,,USD
GUATEMALA,CIUDAD DE GUATEMALA,40DC ASIS,0,MAERSK,1125,,,USD
GUATEMALA,CIUDAD DE GUATEMALA,40HC ASIS,0,MAERSK,1575,,,USD
GUATEMALA,CIUDAD DE GUATEMALA,45HC ASIS,0,MAERSK,0,,,USD
GUATEMALA,PUERTO QUETZAL,20DC ASIS,0,MAERSK,1045,,,USD
GUATEMALA,PUERTO QUETZAL,40DC ASIS,0,MAERSK,1125,,,USD
GUATEMALA,PUERTO QUETZAL,40HC ASIS,0,MAERSK,1575,,,USD
GUATEMALA,PUERTO QUETZAL,45HC ASIS,0,MAERSK,0,,,USD
GUATEMALA,SANTO TOMAS DE CASTILLA,20DC ASIS,0,MAERSK,1045,,,USD
GUATEMALA,SANTO TOMAS DE CASTILLA,40DC ASIS,0,MAERSK,1125,,,USD
GUATEMALA,SANTO TOMAS DE CASTILLA,40HC ASIS,0,MAERSK,1575,,,USD
GUATEMALA,SANTO TOMAS DE CASTILLA,45HC ASIS,0,MAERSK,0,,,USD
GUAYANA,GEORGETOWN - GUAYANA,20DC CW,0,ZIM,1600,,,USD
GUAYANA,GEORGETOWN - GUAYANA,40HC CW,0,ZIM,1800,,,USD
GUAYANA,GEORGETOWN - GUAYANA,40RF CW,0,ZIM,3700,,,USD
HONDURAS,PUERTO CORTES,40HC CW,0,ZIM,1800,,,USD
ITALY,GENOA,40HC CW,2,SEACUBE,1400,,,EUR
ITALY,LIVORNO,40HC CW,4,FLORENS,0,,,
ITALY,LIVORNO,40HC CW,0,TEXTAINER,1400,,,EUR
ITALY,MILAN,40DC CW,3,CAI,1300,,,EUR
JAMAICA,KINGSTON,20DC CW,0,ZIM,1600,,,USD
JAMAICA,KINGSTON,40FR CW,0,ZIM,3700,,,USD
JAMAICA,KINGSTON,40HC CW,0,ZIM,1800,,,USD
JAMAICA,KINGSTON,40RF CW,0,ZIM,3700,,,USD
MEXICO,ALTAMIRA,20DC ASIS,0,MAERSK,950,,,USD
MEXICO,ALTAMIRA,20DC CW,0,ZIM,1600,,,USD
MEXICO,ALTAMIRA,40DC ASIS,0,MAERSK,1125,,,USD
MEXICO,ALTAMIRA,40HC ASIS,0,MAERSK,1575,,,USD
MEXICO,ALTAMIRA,40HC CW,0,ZIM,1800,,,USD
MEXICO,GUADALAJARA,20DC ASIS,0,MAERSK,950,,,USD
MEXICO,GUADALAJARA,40DC ASIS,0,MAERSK,1125,,,USD
MEXICO,GUADALAJARA,40HC ASIS,0,MAERSK,1575,,,USD
MEXICO,LAZARO CARDENAS,40DC ASIS,0,MAERSK,1125,,,USD
MEXICO,LAZARO CARDENAS,40HC ASIS,0,MAERSK,1575,,,USD
MEXICO,MANZANILLO,20DC ASIS,0,MAERSK,950,,,USD
MEXICO,MANZANILLO,40DC ASIS,0,MAERSK,1125,,,USD
MEXICO,MANZANILLO,40HC ASIS,0,MAERSK,1575,,,USD
MEXICO,MEXICO DF,20DC ASIS,0,MAERSK,950,,,USD
MEXICO,MEXICO DF,40DC ASIS,0,MAERSK,1125,,,USD
MEXICO,MEXICO DF,40HC ASIS,0,MAERSK,1575,,,USD
MEXICO,MEXICO DF,40HC CW,0,ZIM,1800,,,USD
MEXICO,MONTERREY,20DC ASIS,0,MAERSK,950,,,USD
MEXICO,MONTERREY,40DC ASIS,0,MAERSK,1125,,,USD
MEXICO,MONTERREY,40HC ASIS,0,MAERSK,1575,,,USD
MEXICO,MONTERREY,40HC CW,0,ZIM,1800,,,USD
MEXICO,PROGRESO,20DC ASIS,0,MAERSK,950,,,USD
MEXICO,PROGRESO,40HC ASIS,0,MAERSK,1575,,,USD
MEXICO,PROGRESO,40HC CW,0,ZIM,1800,,,USD
MEXICO,QUERETARO,20DC ASIS,0,MAERSK,950,,,USD
MEXICO,QUERETARO,40DC ASIS,0,MAERSK,1125,,,USD
MEXICO,QUERETARO,40HC ASIS,0,MAERSK,1575,,,USD
MEXICO,SAN LUIS POTOSI,20DC ASIS,0,MAERSK,950,,,USD
MEXICO,SAN LUIS POTOSI,40HC ASIS,0,MAERSK,1575,,,USD
MEXICO,VERACRUZ,20DC ASIS,0,MAERSK,950,,,USD
MEXICO,VERACRUZ,20DC CW,0,ZIM,1600,,,USD
MEXICO,VERACRUZ,40DC ASIS,0,MAERSK,1125,,,USD
MEXICO,VERACRUZ,40HC ASIS,0,MAERSK,1575,,,USD
MEXICO,VERACRUZ,40HC CW,0,ZIM,1800,,,USD
MEXICO,VERACRUZ,40OT CW,0,ZIM,1900,,,USD
NETHERLANDS,ROTTERDAM,20DC CW,7,UESHK,900,,,USD
NETHERLANDS,ROTTERDAM,20DC CW,56,PROGECO,840,,,EUR
NETHERLANDS,ROTTERDAM,20FR CW,0,PROGECO,1700,,,EUR
NETHERLANDS,ROTTERDAM,20OT CW,0,PROGECO,1700,,,EUR
NETHERLANDS,ROTTERDAM,20RF CW,8,PROGECO,3200,,,EUR
NETHERLANDS,ROTTERDAM,40DC CW,22,PROGECO,1050,,,EUR
NETHERLANDS,ROTTERDAM,40FR CW,0,PROGECO,840,,,EUR
NETHERLANDS,ROTTERDAM,40HC CW,0,PROGECO,1400,,,EUR
NETHERLANDS,ROTTERDAM,40HC CW,1,UESHK,1400,,,USD
NETHERLANDS,ROTTERDAM,40HC CW,10,CAI,1550,,,EUR
NETHERLANDS,ROTTERDAM,40HC PW CW,3,PROGECO,1450,,,EUR
NETHERLANDS,ROTTERDAM,40OT CW,0,PROGECO,2900,,,EUR
NETHERLANDS,ROTTERDAM,40OT CW,1,ALCONET,3150,,,EUR
NETHERLANDS,ROTTERDAM,40OT CW,2,TRITON,3325,,,EUR
NETHERLANDS,ROTTERDAM,40OT CW REBUILT,10,MEEBERG,2345,,,EUR
NETHERLANDS,ROTTERDAM,40OT REBUILT,3,ALCONET,2250,,,EUR
NETHERLANDS,ROTTERDAM,40PW CW,2,PROGECO,2900,,,EUR
NETHERLANDS,ROTTERDAM,40RH CW,39,PROGECO,2800,,,EUR
NETHERLANDS,ROTTERDAM,45HC CW,41,PROGECO,1550,,,EUR
PANAMA,BALBOA,20DC ASIS,0,MAERSK,1283,,,USD
PANAMA,BALBOA,40DC ASIS,0,MAERSK,1260,,,USD
PANAMA,BALBOA,40HC ASIS,0,MAERSK,1665,,,USD
PANAMA,BALBOA,45HC ASIS,0,MAERSK,0,,,USD
PERU,CALLAO,20DC CW,0,TRITON,1100,,,USD
PERU,CALLAO,40HC CW,0,TRITON,0,,,USD
PERU,CALLAO,40HC IICL,0,TRITON,0,,,USD
PORTUGAL,LISBOA,20DC CW,3,TRITON,1150,,,EUR
PORTUGAL,LISBOA,20DC CW,0,BHC,1080,,,EUR
PORTUGAL,LISBOA,20DC NEW,1,FLEXBOX,2150,,,USD
PORTUGAL,LISBOA,40DC CW,3,TRITON,1390,,,EUR
PORTUGAL,LISBOA,40HC CW,56,TRITON,1570,,,EUR
PORTUGAL,LEIXOES,20DC CW,100,TRITON,1100,,,EUR
PORTUGAL,LEIXOES,20HC NEW,7,BULLBOX,2650,,,EUR
PORTUGAL,LEIXOES,40DC CW,50,TRITON,1350,,,EUR
PORTUGAL,LEIXOES,40HC CW,50,TRITON,1570,,,EUR
PORTUGAL,LEIXOES,40HC NEW,4,BULLBOX,3800,,,EUR
REPUBLICA DOMINICANA,CAUCEDO,20DC CW,0,ZIM,1600,,,USD
SPAIN,ALGECIRAS ,20DC ASIS,30,MAERSK,1098,,1200EUR,USD
SPAIN,ALGECIRAS ,20DC CW,26,TRITON,1140,,1300EUR,EUR
SPAIN,ALGECIRAS ,20HC NEW,10,BULLBOX,2200,,,EUR
SPAIN,ALGECIRAS ,40DC CW,5,TRITON,1300,,,EUR
SPAIN,ALGECIRAS ,40HC ASIS,2,MAERSK,1650,,,EUR
SPAIN,ALGECIRAS ,40HC ASIS,10,MAERSK,1318,,,USD
SPAIN,ALGECIRAS ,40HC CW,1,TRITON,1620,,,EUR
SPAIN,ALGECIRAS ,40HC NEW,1,FLEXBOX,3290,,,USD
SPAIN,ALGECIRAS ,40HC NEW,6,BULLBOX,3250,,,EUR
SPAIN,BARCELONA,20DC CW,50,TRITON,1030,,1180EUR,EUR
SPAIN,BARCELONA,20DC NEW,2,BULLBOX,2200,,,EUR
SPAIN,BARCELONA,20DC NEW,10,BULLBOX,2000,,,EUR
SPAIN,BARCELONA,20DC NEW,10,TEXTAINER,2000,,,EUR
SPAIN,BARCELONA,20HC NEW,1,BULLBOX,2400,,,EUR
SPAIN,BARCELONA,20HC NEW,10,BULLBOX,2300,,,EUR
SPAIN,BARCELONA,40DC CW,50,TRITON,1150,,1250EUR,EUR
SPAIN,BARCELONA,40HC ASIS,0,(en blanco),0,,,USD
SPAIN,BARCELONA,40HC CW,25,TRITON,1600,1600,,EUR
SPAIN,BARCELONA,40HC NEW,10,BULLBOX,3250,,,EUR
SPAIN,BILBAO,20DC ASIS,5,MAERSK,980,,,USD
SPAIN,BILBAO,20DC NEW,4,BULLBOX,2150,,,EUR
SPAIN,BILBAO,40DC ASIS,5,MAERSK,1126,,,USD
SPAIN,BILBAO,40HC CW,2,TRITON,1620,,,EUR
SPAIN,BILBAO,40HC CW,4,TRITON,1660,,,EUR
SPAIN,BILBAO,45HC CW,0,(en blanco),0,,,USD
SPAIN,LAS PALMAS,40DC ASIS,0,(en blanco),0,,,USD
SPAIN,MADRID,40DC ASIS,5,MAERSK,1999,,,USD
SPAIN,MADRID,40HC ASIS,2,MAERSK,1375,,,EUR
SPAIN,MADRID,40HC CW,5,LOTUS,1500,,,EUR
SPAIN,MALAGA,20DC ASIS,0,(en blanco),0,,,USD
SPAIN,MALAGA,40HC ASIS,0,MAERSK,0,,,USD
SPAIN,MARIN,40HC ASIS,1,MAERSK,13318,,,USD
SPAIN,VALENCIA,10HC 1ST TRIP,0,CPI ,5550,,,EUR
SPAIN,VALENCIA,10HC NEW,7,BULLBOX,2500,,,EUR
SPAIN,VALENCIA,20DC CW,5,UESHK,1100,,,USD
SPAIN,VALENCIA,20DC CW,8,SEACO,1100,,,USD
SPAIN,VALENCIA,20DC CW,21,CAI,1100,,,EUR
SPAIN,VALENCIA,20DC CW,100,TRITON,1030,,1100EUR,EUR
SPAIN,VALENCIA,20DC NEW,17,TEXTAINER,2000,,,EUR
SPAIN,VALENCIA,20RF CW,0,(en blanco),1350,,,EUR
SPAIN,VALENCIA,40DC CW,100,TRITON,1140,,,EUR
SPAIN,VALENCIA,40HC CW,1,CAI,1300,,,EUR
SPAIN,VALENCIA,40HC CW,1,UESHK,1500,,,USD
SPAIN,VALENCIA,40HC CW,10,SEACO,1500,,,USD
SPAIN,VALENCIA,40HC CW,100,TRITON,1480,,,EUR
SPAIN,VALENCIA,40HC NEW,15,BULLBOX,3350,,,EUR
SPAIN,VALENCIA,40RH CW,1,SEACUBE,3000,,,EUR
SPAIN,VALENCIA,40RH CW,1,SEACUBE,3700,,,EUR
SPAIN,VALENCIA,40RH CW,1,SEACUBE,3950,,,EUR
SPAIN,VALENCIA,40RH CW,1,BHC,4750,,,EUR
SPAIN,VALENCIA,40RH CW,1,BHC,4800,,,EUR
SPAIN,VALENCIA,40RH CW,1,BHC,4900,,,EUR
SPAIN,VALENCIA,40RH CW,1,BHC,5000,,,EUR
SPAIN,VALENCIA,40RH CW,1,BHC,5200,,,EUR
SPAIN,VALENCIA,40RH CW,1,BHC,5400,,,EUR
SPAIN,VALENCIA,40RH CW,1,BHC,5500,,,EUR
SPAIN,VALENCIA,40RH CW,1,BHC,5800,,,EUR
SPAIN,VALENCIA,40RH CW,1,BHC,5900,,,EUR
SPAIN,VALENCIA,40RH CW,1,BHC,6000,,,EUR
SPAIN,VALENCIA,40RH CW,1,BHC,6100,,,EUR
SPAIN,VALENCIA,40RH CW,1,BHC,6300,,,EUR
SPAIN,VALENCIA,40RH CW,1,BHC,6400,,,EUR
SPAIN,VALENCIA,40RH CW,1,BHC,6850,,,EUR
SPAIN,VALENCIA,40RH CW,1,BHC,7000,,,EUR
SPAIN,VALENCIA,40RH CW,1,BHC,7200,,,EUR
SPAIN,VALENCIA,40RH CW,1,BHC,7400,,,EUR
SPAIN,VALENCIA,40RH CW,1,BHC,7850,,,EUR
SPAIN,VALENCIA,40RH CW,1,BHC,8250,,,EUR
SPAIN,VIGO,20DC ASIS,1,HAPPAG LLOYD,775,,,EUR
SPAIN,VIGO,20DC CW,1,HAPPAG LLOYD,775,,,EUR
SPAIN,VIGO,40DC ASIS,2,MAERSK,1175,,,USD
SPAIN,BARCELONA,40DC ASIS,1,SILVERSEA,800,,950EUR,EUR
SPAIN,BARCELONA,40HC ASIS,1,SILVERSEA,1000,,1150EUR,EUR
SPAIN,BARCELONA,40HC CW,1,SILVERSEA,1350,,,EUR
SPAIN,BARCELONA,40HC CW,1,SILVERSEA,1390,,,EUR
SPAIN,BILBAO,20DC CW,7,SILVERSEA,1000,,1000EUR,EUR
SPAIN,BILBAO,40DC ASIS,1,SILVERSEA,"1003,46",,1100EUR,EUR
COLOMBIA,BOGOTA,40HC CW,1,SILVERSEA,1410,,,USD
ARGENTINA,BUENOS AIRES,40DC CW,1,SILVERSEA,1360,,,USD
ARGENTINA,BUENOS AIRES,40DC CW,1,SILVERSEA,1390,,,USD
ARGENTINA,BUENOS AIRES,40DC CW,2,SILVERSEA,1400,,,USD
ARGENTINA,BUENOS AIRES,40DC CW,1,SILVERSEA,1500,,,USD
SPAIN,MADRID,40HC ASIS,1,SILVERSEA,1000,,1150EUR,EUR
URUGUAY,MONTEVIDEO,20DC ASIS,10,SILVERSEA,700,,1000USD,USD
URUGUAY,MONTEVIDEO,20DC CW,1,SILVERSEA,1150,1400,,USD
URUGUAY,MONTEVIDEO,40DC CW,1,SILVERSEA,1700,2000,,USD
URUGUAY,MONTEVIDEO,40HC CW,2,SILVERSEA,1560,2350,,USD
URUGUAY,MONTEVIDEO,40HC CW,4,SILVERSEA,1850,,,USD
URUGUAY,MONTEVIDEO,40HC CW,1,SILVERSEA,0,,,EUR
URUGUAY,MONTEVIDEO,20DC CW,1,SILVERSEA,0,,,USD
URUGUAY,MONTEVIDEO,40 NOR,1,SILVERSEA,3000,3700,,USD
URUGUAY,MONTEVIDEO,40RF ASIS,2,SILVERSEA,0,3700,,USD
COSTA RICA,PUERTO LIMON,40HC CW,1,SILVERSEA,1475,,,USD
COSTA RICA,PUERTO LIMON,40HC CW,1,SILVERSEA,1500,2200,,USD
REPUBLICA DOMINICANA,RIO HAINA,40HC CW,1,SILVERSEA,1410,2100,,USD
REPUBLICA DOMINICANA,RIO HAINA,40HC CW,1,SILVERSEA,1470,,,USD
SPAIN,VIGO,40HC ASIS,1,SILVERSEA,1100,,1250EUR,EUR