ID,Type,SKU,Name,Published,Is featured?,Visibility in catalog,Short description,Description,Date sale price starts,Date sale price ends,Tax status,Tax class,In stock?,Stock,Low stock amount,Backorders allowed?,Sold individually?,Weight (kg),Length (cm),Width (cm),Height (cm),Allow customer reviews?,Purchase note,Sale price,Regular price,Categories,Tags,Shipping class,Images,Download limit,Download expiry days,Parent,Grouped products,Upsells,Cross-sells,External URL,Button text,Position,Meta: ancho,Meta: Alto,Meta: Largo,Meta: Peso,Meta: tara
1,simple,6DC CW,6 PIES,1,0,visible,NULL,"Contenedores utilizados para almacenar; mercaderia; expandier espacio temporal en tu empresa o casa. Los contenedores estan usados; aunque en general siempre tenemos nuevos para este producto tan especial
",NULL,NULL,taxable,NULL,1,1,NULL,0,0,NULL,NULL,NULL,NULL,1,NULL,NULL,0,"size > 6PIES, Condition > CW, general > Dry > DC",NULL,NULL,http://localhost/Silversea/wp-content/uploads/2020/04/CIMG0468.png,NULL,NULL,NULL,NULL,NULL,NULL,NULL,NULL,NULL,2.43,2.59,1.98,0,0
2,simple,6DC ASIS,6 PIES,1,0,visible,NULL,"Contenedores utilizados para almacenar; mercaderia; expandier espacio temporal en tu empresa o casa. Los contenedores estan usados; aunque en general siempre tenemos nuevos para este producto tan especial
",NULL,NULL,taxable,NULL,1,1,NULL,0,0,NULL,NULL,NULL,NULL,1,NULL,NULL,0,"size > 6PIES, Condition > ASIS, general > Dry > DC",NULL,NULL,http://localhost/Silversea/wp-content/uploads/2020/04/CIMG0468.png,NULL,NULL,NULL,NULL,NULL,NULL,NULL,NULL,NULL,2.43,2.59,1.98,0,0
3,simple,6DC NEW,6 PIES,1,0,visible,NULL,"Contenedores utilizados para almacenar mercaderia; expandir el espacio de almacenaje temporalmente como de manera fija en espacios limitados. Quienes compran estos contenedores les importa especialmente la estetica; disponemos de varios colores; aunque; al ser tan especiales; suelen hacerse por encargo.
",NULL,NULL,taxable,NULL,1,1,NULL,0,0,NULL,NULL,NULL,NULL,1,NULL,NULL,0,"size > 6PIES, Condition > NEW, general > Dry > DC",NULL,NULL,http://localhost/Silversea/wp-content/uploads/2020/04/CIMG0468.png,NULL,NULL,NULL,NULL,NULL,NULL,NULL,NULL,NULL,2.43,2.59,1.98,0,0
4,simple,6DC 1st Voyage,6 PIES,1,0,visible,NULL,"Contenedores utilizados para almacenar mercaderia; expandir el espacio de almacenaje temporalmente como de manera fija en espacios limitados. Quienes compran estos contenedores les importa especialmente la estetica; disponemos de varios colores; aunque; al ser tan especiales; suelen hacerse por encargo.
",NULL,NULL,taxable,NULL,1,1,NULL,0,0,NULL,NULL,NULL,NULL,1,NULL,NULL,0,"size > 6PIES, Condition > 1st Voyage, general > Dry > DC",NULL,NULL,http://localhost/Silversea/wp-content/uploads/2020/04/CIMG0468.png,NULL,NULL,NULL,NULL,NULL,NULL,NULL,NULL,NULL,2.43,2.59,1.98,0,0
5,simple,6DC IICL,6 PIES,1,0,visible,NULL,"Contenedores utilizados para almacenar; mercaderia; expandier espacio temporal en tu empresa o casa. Los contenedores estan usados; aunque en general siempre tenemos nuevos para este producto tan especial
",NULL,NULL,taxable,NULL,1,1,NULL,0,0,NULL,NULL,NULL,NULL,1,NULL,NULL,0,"size > 6PIES, Condition > IICL, general > Dry > DC",NULL,NULL,http://localhost/Silversea/wp-content/uploads/2020/04/CIMG0468.png,NULL,NULL,NULL,NULL,NULL,NULL,NULL,NULL,NULL,2.43,2.59,1.98,0,0
6,simple,6DC SCRAP,6 PIES,1,0,visible,NULL,"contenedores que han sufrido daños muy severos; desconocemos el daño especifico del contenedor; pero sabemos que no puede ser utilizado para almacenar ni exportar. Muy utilizado para chatarra o para clientes que necesitan utilizar las partes del contenedor.
",NULL,NULL,taxable,NULL,1,1,NULL,0,0,NULL,NULL,NULL,NULL,1,NULL,NULL,0,"size > 6PIES, Condition > SCRAP, general > Dry > DC",NULL,NULL,http://localhost/Silversea/wp-content/uploads/2020/04/CIMG0468.png,NULL,NULL,NULL,NULL,NULL,NULL,NULL,NULL,NULL,2.43,2.59,1.98,0,0
7,simple,6HC CW,6 PIES,1,0,visible,NULL,"Contenedores utilizados para almacenar; mercaderia; expandier espacio temporal en tu empresa o casa. Los contenedores estan usados; aunque en general siempre tenemos nuevos para este producto tan especial
",NULL,NULL,taxable,NULL,1,1,NULL,0,0,NULL,NULL,NULL,NULL,1,NULL,NULL,0,"size > 6PIES, Condition > CW, general > Dry > HC",NULL,NULL,http://localhost/Silversea/wp-content/uploads/2020/04/CIMG0468.png,NULL,NULL,NULL,NULL,NULL,NULL,NULL,NULL,NULL,2.43,2.59,1.98,0,0
8,simple,6HC ASIS,6 PIES,1,0,visible,NULL,"Contenedores utilizados para almacenar; mercaderia; expandier espacio temporal en tu empresa o casa. Los contenedores estan usados; aunque en general siempre tenemos nuevos para este producto tan especial
",NULL,NULL,taxable,NULL,1,1,NULL,0,0,NULL,NULL,NULL,NULL,1,NULL,NULL,0,"size > 6PIES, Condition > ASIS, general > Dry > HC",NULL,NULL,http://localhost/Silversea/wp-content/uploads/2020/04/CIMG0468.png,NULL,NULL,NULL,NULL,NULL,NULL,NULL,NULL,NULL,2.43,2.59,1.98,0,0
9,simple,6HC NEW,6 PIES,1,0,visible,NULL,"Contenedores utilizados para almacenar mercaderia; expandir el espacio de almacenaje temporalmente como de manera fija en espacios limitados. Quienes compran estos contenedores les importa especialmente la estetica; disponemos de varios colores; aunque; al ser tan especiales; suelen hacerse por encargo.
",NULL,NULL,taxable,NULL,1,1,NULL,0,0,NULL,NULL,NULL,NULL,1,NULL,NULL,0,"size > 6PIES, Condition > NEW, general > Dry > HC",NULL,NULL,http://localhost/Silversea/wp-content/uploads/2020/04/CIMG0468.png,NULL,NULL,NULL,NULL,NULL,NULL,NULL,NULL,NULL,2.43,2.59,1.98,0,0
10,simple,6HC 1st Voyage,6 PIES,1,0,visible,NULL,"Contenedores utilizados para almacenar mercaderia; expandir el espacio de almacenaje temporalmente como de manera fija en espacios limitados. Quienes compran estos contenedores les importa especialmente la estetica; disponemos de varios colores; aunque; al ser tan especiales; suelen hacerse por encargo.
",NULL,NULL,taxable,NULL,1,1,NULL,0,0,NULL,NULL,NULL,NULL,1,NULL,NULL,0,"size > 6PIES, Condition > 1st Voyage, general > Dry > HC",NULL,NULL,http://localhost/Silversea/wp-content/uploads/2020/04/CIMG0468.png,NULL,NULL,NULL,NULL,NULL,NULL,NULL,NULL,NULL,2.43,2.59,1.98,0,0
11,simple,6HC IICL,6 PIES,1,0,visible,NULL,"Contenedores utilizados para almacenar; mercaderia; expandier espacio temporal en tu empresa o casa. Los contenedores estan usados; aunque en general siempre tenemos nuevos para este producto tan especial
",NULL,NULL,taxable,NULL,1,1,NULL,0,0,NULL,NULL,NULL,NULL,1,NULL,NULL,0,"size > 6PIES, Condition > IICL, general > Dry > HC",NULL,NULL,http://localhost/Silversea/wp-content/uploads/2020/04/CIMG0468.png,NULL,NULL,NULL,NULL,NULL,NULL,NULL,NULL,NULL,2.43,2.59,1.98,0,0
12,simple,6HC SCRAP,6 PIES,1,0,visible,NULL,"contenedores que han sufrido daños muy severos; desconocemos el daño especifico del contenedor; pero sabemos que no puede ser utilizado para almacenar ni exportar. Muy utilizado para chatarra o para clientes que necesitan utilizar las partes del contenedor.
",NULL,NULL,taxable,NULL,1,1,NULL,0,0,NULL,NULL,NULL,NULL,1,NULL,NULL,0,"size > 6PIES, Condition > SCRAP, general > Dry > HC",NULL,NULL,http://localhost/Silversea/wp-content/uploads/2020/04/CIMG0468.png,NULL,NULL,NULL,NULL,NULL,NULL,NULL,NULL,NULL,2.43,2.59,1.98,0,0
13,simple,8DC CW,8 PIES,1,0,visible,NULL,"Contenedores utilizados para almacenar; mercaderia; expandier espacio temporal en tu empresa o casa. Los contenedores estan usados; aunque en general siempre tenemos nuevos para este producto tan especial
",NULL,NULL,taxable,NULL,1,1,NULL,0,0,NULL,NULL,NULL,NULL,1,NULL,NULL,0,"size > 8PIES, Condition > CW, general > Dry > DC",NULL,NULL,http://localhost/Silversea/wp-content/uploads/2020/04/CIMG0468.png,NULL,NULL,NULL,NULL,NULL,NULL,NULL,NULL,NULL,2.43,2.59,2.2,0,0
14,simple,8DC ASIS,8 PIES,1,0,visible,NULL,"Contenedores utilizados para almacenar; mercaderia; expandier espacio temporal en tu empresa o casa. Los contenedores estan usados; aunque en general siempre tenemos nuevos para este producto tan especial
",NULL,NULL,taxable,NULL,1,1,NULL,0,0,NULL,NULL,NULL,NULL,1,NULL,NULL,0,"size > 8PIES, Condition > ASIS, general > Dry > DC",NULL,NULL,http://localhost/Silversea/wp-content/uploads/2020/04/CIMG0468.png,NULL,NULL,NULL,NULL,NULL,NULL,NULL,NULL,NULL,2.43,2.59,2.2,0,0
15,simple,8DC NEW,8 PIES,1,0,visible,NULL,"Contenedores utilizados para almacenar mercaderia; expandir el espacio de almacenaje temporalmente como de manera fija en espacios limitados. Quienes compran estos contenedores les importa especialmente la estetica; disponemos de varios colores; aunque; al ser tan especiales; suelen hacerse por encargo.
",NULL,NULL,taxable,NULL,1,1,NULL,0,0,NULL,NULL,NULL,NULL,1,NULL,NULL,0,"size > 8PIES, Condition > NEW, general > Dry > DC",NULL,NULL,http://localhost/Silversea/wp-content/uploads/2020/04/CIMG0468.png,NULL,NULL,NULL,NULL,NULL,NULL,NULL,NULL,NULL,2.43,2.59,2.2,0,0
16,simple,8DC 1st Voyage,8 PIES,1,0,visible,NULL,"Contenedores utilizados para almacenar mercaderia; expandir el espacio de almacenaje temporalmente como de manera fija en espacios limitados. Quienes compran estos contenedores les importa especialmente la estetica; disponemos de varios colores; aunque; al ser tan especiales; suelen hacerse por encargo.
",NULL,NULL,taxable,NULL,1,1,NULL,0,0,NULL,NULL,NULL,NULL,1,NULL,NULL,0,"size > 8PIES, Condition > 1st Voyage, general > Dry > DC",NULL,NULL,http://localhost/Silversea/wp-content/uploads/2020/04/CIMG0468.png,NULL,NULL,NULL,NULL,NULL,NULL,NULL,NULL,NULL,2.43,2.59,2.2,0,0
17,simple,8DC IICL,8 PIES,1,0,visible,NULL,"Contenedores utilizados para almacenar; mercaderia; expandier espacio temporal en tu empresa o casa. Los contenedores estan usados; aunque en general siempre tenemos nuevos para este producto tan especial
",NULL,NULL,taxable,NULL,1,1,NULL,0,0,NULL,NULL,NULL,NULL,1,NULL,NULL,0,"size > 8PIES, Condition > IICL, general > Dry > DC",NULL,NULL,http://localhost/Silversea/wp-content/uploads/2020/04/CIMG0468.png,NULL,NULL,NULL,NULL,NULL,NULL,NULL,NULL,NULL,2.43,2.59,2.2,0,0
18,simple,8DC SCRAP,8 PIES,1,0,visible,NULL,"contenedores que han sufrido daños muy severos; desconocemos el daño especifico del contenedor; pero sabemos que no puede ser utilizado para almacenar ni exportar. Muy utilizado para chatarra o para clientes que necesitan utilizar las partes del contenedor.
",NULL,NULL,taxable,NULL,1,1,NULL,0,0,NULL,NULL,NULL,NULL,1,NULL,NULL,0,"size > 8PIES, Condition > SCRAP, general > Dry > DC",NULL,NULL,http://localhost/Silversea/wp-content/uploads/2020/04/CIMG0468.png,NULL,NULL,NULL,NULL,NULL,NULL,NULL,NULL,NULL,2.43,2.59,2.2,0,0
19,simple,8HC CW,8 PIES,1,0,visible,NULL,"Contenedores utilizados para almacenar; mercaderia; expandier espacio temporal en tu empresa o casa. Los contenedores estan usados; aunque en general siempre tenemos nuevos para este producto tan especial
",NULL,NULL,taxable,NULL,1,1,NULL,0,0,NULL,NULL,NULL,NULL,1,NULL,NULL,0,"size > 8PIES, Condition > CW, general > Dry > HC",NULL,NULL,http://localhost/Silversea/wp-content/uploads/2020/04/CIMG0468.png,NULL,NULL,NULL,NULL,NULL,NULL,NULL,NULL,NULL,2.43,2.59,2.2,0,0
20,simple,8HC ASIS,8 PIES,1,0,visible,NULL,"Contenedores utilizados para almacenar; mercaderia; expandier espacio temporal en tu empresa o casa. Los contenedores estan usados; aunque en general siempre tenemos nuevos para este producto tan especial
",NULL,NULL,taxable,NULL,1,1,NULL,0,0,NULL,NULL,NULL,NULL,1,NULL,NULL,0,"size > 8PIES, Condition > ASIS, general > Dry > HC",NULL,NULL,http://localhost/Silversea/wp-content/uploads/2020/04/CIMG0468.png,NULL,NULL,NULL,NULL,NULL,NULL,NULL,NULL,NULL,2.43,2.59,2.2,0,0
21,simple,8HC NEW,8 PIES,1,0,visible,NULL,"Contenedores utilizados para almacenar mercaderia; expandir el espacio de almacenaje temporalmente como de manera fija en espacios limitados. Quienes compran estos contenedores les importa especialmente la estetica; disponemos de varios colores; aunque; al ser tan especiales; suelen hacerse por encargo.
",NULL,NULL,taxable,NULL,1,1,NULL,0,0,NULL,NULL,NULL,NULL,1,NULL,NULL,0,"size > 8PIES, Condition > NEW, general > Dry > HC",NULL,NULL,http://localhost/Silversea/wp-content/uploads/2020/04/CIMG0468.png,NULL,NULL,NULL,NULL,NULL,NULL,NULL,NULL,NULL,2.43,2.59,2.2,0,0
22,simple,8HC 1st Voyage,8 PIES,1,0,visible,NULL,"Contenedores utilizados para almacenar mercaderia; expandir el espacio de almacenaje temporalmente como de manera fija en espacios limitados. Quienes compran estos contenedores les importa especialmente la estetica; disponemos de varios colores; aunque; al ser tan especiales; suelen hacerse por encargo.
",NULL,NULL,taxable,NULL,1,1,NULL,0,0,NULL,NULL,NULL,NULL,1,NULL,NULL,0,"size > 8PIES, Condition > 1st Voyage, general > Dry > HC",NULL,NULL,http://localhost/Silversea/wp-content/uploads/2020/04/CIMG0468.png,NULL,NULL,NULL,NULL,NULL,NULL,NULL,NULL,NULL,2.43,2.59,2.2,0,0
23,simple,8HC IICL,8 PIES,1,0,visible,NULL,"Contenedores utilizados para almacenar; mercaderia; expandier espacio temporal en tu empresa o casa. Los contenedores estan usados; aunque en general siempre tenemos nuevos para este producto tan especial
",NULL,NULL,taxable,NULL,1,1,NULL,0,0,NULL,NULL,NULL,NULL,1,NULL,NULL,0,"size > 8PIES, Condition > IICL, general > Dry > HC",NULL,NULL,http://localhost/Silversea/wp-content/uploads/2020/04/CIMG0468.png,NULL,NULL,NULL,NULL,NULL,NULL,NULL,NULL,NULL,2.43,2.59,2.2,0,0
24,simple,8HC SCRAP,8 PIES,1,0,visible,NULL,"contenedores que han sufrido daños muy severos; desconocemos el daño especifico del contenedor; pero sabemos que no puede ser utilizado para almacenar ni exportar. Muy utilizado para chatarra o para clientes que necesitan utilizar las partes del contenedor.
",NULL,NULL,taxable,NULL,1,1,NULL,0,0,NULL,NULL,NULL,NULL,1,NULL,NULL,0,"size > 8PIES, Condition > SCRAP, general > Dry > HC",NULL,NULL,http://localhost/Silversea/wp-content/uploads/2020/04/CIMG0468.png,NULL,NULL,NULL,NULL,NULL,NULL,NULL,NULL,NULL,2.43,2.59,2.2,0,0
25,simple,10DC CW,10 PIES,1,0,visible,NULL,"Contenedores utilizados para almacenar; mercaderia; expandier espacio temporal en tu empresa o casa. Los contenedores estan usados; aunque en general siempre tenemos nuevos para este producto tan especial
",NULL,NULL,taxable,NULL,1,1,NULL,0,0,NULL,NULL,NULL,NULL,1,NULL,NULL,0,"size > 10PIES, Condition > CW, general > Dry > DC",NULL,NULL,http://localhost/Silversea/wp-content/uploads/2020/04/CIMG0468.png,NULL,NULL,NULL,NULL,NULL,NULL,NULL,NULL,NULL,2.43,2.59,3.02,0,0
26,simple,10DC ASIS,10 PIES,1,0,visible,NULL,"Contenedores utilizados para almacenar; mercaderia; expandier espacio temporal en tu empresa o casa. Los contenedores estan usados; aunque en general siempre tenemos nuevos para este producto tan especial
",NULL,NULL,taxable,NULL,1,1,NULL,0,0,NULL,NULL,NULL,NULL,1,NULL,NULL,0,"size > 10PIES, Condition > ASIS, general > Dry > DC",NULL,NULL,http://localhost/Silversea/wp-content/uploads/2020/04/CIMG0468.png,NULL,NULL,NULL,NULL,NULL,NULL,NULL,NULL,NULL,2.43,2.59,3.02,0,0
27,simple,10DC NEW,10 PIES,1,0,visible,NULL,"Contenedores utilizados para almacenar mercaderia; expandir el espacio de almacenaje temporalmente como de manera fija en espacios limitados. Quienes compran estos contenedores les importa especialmente la estetica; disponemos de varios colores; aunque; al ser tan especiales; suelen hacerse por encargo.
",NULL,NULL,taxable,NULL,1,1,NULL,0,0,NULL,NULL,NULL,NULL,1,NULL,NULL,0,"size > 10PIES, Condition > NEW, general > Dry > DC",NULL,NULL,http://localhost/Silversea/wp-content/uploads/2020/04/CIMG0468.png,NULL,NULL,NULL,NULL,NULL,NULL,NULL,NULL,NULL,2.43,2.59,3.02,0,0
28,simple,10DC 1st Voyage,10 PIES,1,0,visible,NULL,"Contenedores utilizados para almacenar mercaderia; expandir el espacio de almacenaje temporalmente como de manera fija en espacios limitados. Quienes compran estos contenedores les importa especialmente la estetica; disponemos de varios colores; aunque; al ser tan especiales; suelen hacerse por encargo.
",NULL,NULL,taxable,NULL,1,1,NULL,0,0,NULL,NULL,NULL,NULL,1,NULL,NULL,0,"size > 10PIES, Condition > 1st Voyage, general > Dry > DC",NULL,NULL,http://localhost/Silversea/wp-content/uploads/2020/04/CIMG0468.png,NULL,NULL,NULL,NULL,NULL,NULL,NULL,NULL,NULL,2.43,2.59,3.02,0,0
29,simple,10DC IICL,10 PIES,1,0,visible,NULL,"Contenedores utilizados para almacenar; mercaderia; expandier espacio temporal en tu empresa o casa. Los contenedores estan usados; aunque en general siempre tenemos nuevos para este producto tan especial
",NULL,NULL,taxable,NULL,1,1,NULL,0,0,NULL,NULL,NULL,NULL,1,NULL,NULL,0,"size > 10PIES, Condition > IICL, general > Dry > DC",NULL,NULL,http://localhost/Silversea/wp-content/uploads/2020/04/CIMG0468.png,NULL,NULL,NULL,NULL,NULL,NULL,NULL,NULL,NULL,2.43,2.59,3.02,0,0
30,simple,10DC SCRAP,10 PIES,1,0,visible,NULL,"contenedores que han sufrido daños muy severos; desconocemos el daño especifico del contenedor; pero sabemos que no puede ser utilizado para almacenar ni exportar. Muy utilizado para chatarra o para clientes que necesitan utilizar las partes del contenedor.
",NULL,NULL,taxable,NULL,1,1,NULL,0,0,NULL,NULL,NULL,NULL,1,NULL,NULL,0,"size > 10PIES, Condition > SCRAP, general > Dry > DC",NULL,NULL,http://localhost/Silversea/wp-content/uploads/2020/04/CIMG0468.png,NULL,NULL,NULL,NULL,NULL,NULL,NULL,NULL,NULL,2.43,2.59,3.02,0,0
31,simple,10HC CW,10 PIES,1,0,visible,NULL,"Contenedores utilizados para almacenar; mercaderia; expandier espacio temporal en tu empresa o casa. Los contenedores estan usados; aunque en general siempre tenemos nuevos para este producto tan especial
",NULL,NULL,taxable,NULL,1,1,NULL,0,0,NULL,NULL,NULL,NULL,1,NULL,NULL,0,"size > 10PIES, Condition > CW, general > Dry > HC",NULL,NULL,http://localhost/Silversea/wp-content/uploads/2020/04/CIMG0468.png,NULL,NULL,NULL,NULL,NULL,NULL,NULL,NULL,NULL,2.43,2.59,3.02,0,0
32,simple,10HC ASIS,10 PIES,1,0,visible,NULL,"Contenedores utilizados para almacenar; mercaderia; expandier espacio temporal en tu empresa o casa. Los contenedores estan usados; aunque en general siempre tenemos nuevos para este producto tan especial
",NULL,NULL,taxable,NULL,1,1,NULL,0,0,NULL,NULL,NULL,NULL,1,NULL,NULL,0,"size > 10PIES, Condition > ASIS, general > Dry > HC",NULL,NULL,http://localhost/Silversea/wp-content/uploads/2020/04/CIMG0468.png,NULL,NULL,NULL,NULL,NULL,NULL,NULL,NULL,NULL,2.43,2.59,3.02,0,0
33,simple,10HC NEW,10 PIES,1,0,visible,NULL,"Contenedores utilizados para almacenar mercaderia; expandir el espacio de almacenaje temporalmente como de manera fija en espacios limitados. Quienes compran estos contenedores les importa especialmente la estetica; disponemos de varios colores; aunque; al ser tan especiales; suelen hacerse por encargo.
",NULL,NULL,taxable,NULL,1,1,NULL,0,0,NULL,NULL,NULL,NULL,1,NULL,NULL,0,"size > 10PIES, Condition > NEW, general > Dry > HC",NULL,NULL,http://localhost/Silversea/wp-content/uploads/2020/04/CIMG0468.png,NULL,NULL,NULL,NULL,NULL,NULL,NULL,NULL,NULL,2.43,2.59,3.02,0,0
34,simple,10HC 1st Voyage,10 PIES,1,0,visible,NULL,"Contenedores utilizados para almacenar mercaderia; expandir el espacio de almacenaje temporalmente como de manera fija en espacios limitados. Quienes compran estos contenedores les importa especialmente la estetica; disponemos de varios colores; aunque; al ser tan especiales; suelen hacerse por encargo.
",NULL,NULL,taxable,NULL,1,1,NULL,0,0,NULL,NULL,NULL,NULL,1,NULL,NULL,0,"size > 10PIES, Condition > 1st Voyage, general > Dry > HC",NULL,NULL,http://localhost/Silversea/wp-content/uploads/2020/04/CIMG0468.png,NULL,NULL,NULL,NULL,NULL,NULL,NULL,NULL,NULL,2.43,2.59,3.02,0,0
35,simple,10HC IICL,10 PIES,1,0,visible,NULL,"Contenedores utilizados para almacenar; mercaderia; expandier espacio temporal en tu empresa o casa. Los contenedores estan usados; aunque en general siempre tenemos nuevos para este producto tan especial
",NULL,NULL,taxable,NULL,1,1,NULL,0,0,NULL,NULL,NULL,NULL,1,NULL,NULL,0,"size > 10PIES, Condition > IICL, general > Dry > HC",NULL,NULL,http://localhost/Silversea/wp-content/uploads/2020/04/CIMG0468.png,NULL,NULL,NULL,NULL,NULL,NULL,NULL,NULL,NULL,2.43,2.59,3.02,0,0
36,simple,10HC SCRAP,10 PIES,1,0,visible,NULL,"contenedores que han sufrido daños muy severos; desconocemos el daño especifico del contenedor; pero sabemos que no puede ser utilizado para almacenar ni exportar. Muy utilizado para chatarra o para clientes que necesitan utilizar las partes del contenedor.
",NULL,NULL,taxable,NULL,1,1,NULL,0,0,NULL,NULL,NULL,NULL,1,NULL,NULL,0,"size > 10PIES, Condition > SCRAP, general > Dry > HC",NULL,NULL,http://localhost/Silversea/wp-content/uploads/2020/04/CIMG0468.png,NULL,NULL,NULL,NULL,NULL,NULL,NULL,NULL,NULL,2.43,2.59,3.02,0,0
37,simple,20DC CW,20 PIES,1,0,visible,NULL,"Contenedores que estan en condicion de aptos para carga; puedes utilizarlos tanto para almacenaje; modificacion aunque su mayor rendimiento y para lo que se destinan es para exportar mercaderia
",NULL,NULL,taxable,NULL,1,1,NULL,0,0,NULL,NULL,NULL,NULL,1,NULL,NULL,0,"size > 20PIES, Condition > CW, general > Dry > DC",NULL,NULL,http://localhost/Silversea/wp-content/uploads/2020/04/CIMG0468.png,NULL,NULL,NULL,NULL,NULL,NULL,NULL,NULL,NULL,2.43,2.59,6.05,0,0
38,simple,20DC ASIS,20 PIES,1,0,visible,NULL,"Contenedores utilizados para almacenar mercaderia; expandir el espacio de almacenaje temporalmente como de manera fija. Los contenedores tiene 15 años de uso y suelen presentar una estetica deteriorada; sin duda es su relacion; calidad - precio es lo que que recomendamos para nuestros clientes.
",NULL,NULL,taxable,NULL,1,1,NULL,0,0,NULL,NULL,NULL,NULL,1,NULL,NULL,0,"size > 20PIES, Condition > ASIS, general > Dry > DC",NULL,NULL,http://localhost/Silversea/wp-content/uploads/2020/04/CIMG0468.png,NULL,NULL,NULL,NULL,NULL,NULL,NULL,NULL,NULL,2.43,2.59,6.05,0,0
39,simple,20DC NEW,20 PIES,1,0,visible,NULL,"Contenedores en excelente estado; vinieron con carga desde donde los producimos en Asia y luego quedan vaciados en nuetros depositos. Son aptos para carga; modificarlos para casa u oficina o para almancenaje. A todo lo que te da un contenedor usado se le suma a estos la estetica como el punto mas alto.
",NULL,NULL,taxable,NULL,1,1,NULL,0,0,NULL,NULL,NULL,NULL,1,NULL,NULL,0,"size > 20PIES, Condition > NEW, general > Dry > DC",NULL,NULL,http://localhost/Silversea/wp-content/uploads/2020/04/CIMG0468.png,NULL,NULL,NULL,NULL,NULL,NULL,NULL,NULL,NULL,2.43,2.59,6.05,0,0
40,simple,20DC 1st Voyage,20 PIES,1,0,visible,NULL,"Contenedores en excelente estado; vinieron con carga desde donde los producimos en Asia y luego quedan vaciados en nuetros depositos. Son aptos para carga; modificarlos para casa u oficina o para almancenaje. A todo lo que te da un contenedor usado se le suma a estos la estetica como el punto mas alto.
",NULL,NULL,taxable,NULL,1,1,NULL,0,0,NULL,NULL,NULL,NULL,1,NULL,NULL,0,"size > 20PIES, Condition > 1st Voyage, general > Dry > DC",NULL,NULL,http://localhost/Silversea/wp-content/uploads/2020/04/CIMG0468.png,NULL,NULL,NULL,NULL,NULL,NULL,NULL,NULL,NULL,2.43,2.59,6.05,0,0
41,simple,20DC IICL,20 PIES,1,0,visible,NULL,"Contenedores que estan en condicion de aptos para carga; puedes utilizarlos tanto para almacenaje; modificacion aunque su mayor rendimiento y para lo que se destinan es para exportar mercaderia. La condicion IICL tiene como diferencia un certificado; suelen ser del 2010 al 2012
",NULL,NULL,taxable,NULL,1,1,NULL,0,0,NULL,NULL,NULL,NULL,1,NULL,NULL,0,"size > 20PIES, Condition > IICL, general > Dry > DC",NULL,NULL,http://localhost/Silversea/wp-content/uploads/2020/04/CIMG0468.png,NULL,NULL,NULL,NULL,NULL,NULL,NULL,NULL,NULL,2.43,2.59,6.05,0,0
42,simple,20DC SCRAP,20 PIES,1,0,visible,NULL,"contenedores que han sufrido daños muy severos; desconocemos el daño especifico del contenedor; pero sabemos que no puede ser utilizado para almacenar ni exportar. Muy utilizado para chatarra o para clientes que necesitan utilizar las partes del contenedor.
",NULL,NULL,taxable,NULL,1,1,NULL,0,0,NULL,NULL,NULL,NULL,1,NULL,NULL,0,"size > 20PIES, Condition > SCRAP, general > Dry > DC",NULL,NULL,http://localhost/Silversea/wp-content/uploads/2020/04/CIMG0468.png,NULL,NULL,NULL,NULL,NULL,NULL,NULL,NULL,NULL,2.43,2.59,6.05,0,0
43,simple,20HC CW,20 PIES,1,0,visible,NULL,"Contenedores que estan en condicion de aptos para carga; puedes utilizarlos tanto para almacenaje; modificacion aunque su mayor rendimiento y para lo que se destinan es para exportar mercaderia
",NULL,NULL,taxable,NULL,1,1,NULL,0,0,NULL,NULL,NULL,NULL,1,NULL,NULL,0,"size > 20PIES, Condition > CW, general > Dry > HC",NULL,NULL,http://localhost/Silversea/wp-content/uploads/2020/04/CIMG0468.png,NULL,NULL,NULL,NULL,NULL,NULL,NULL,NULL,NULL,2.43,2.89,6.05,0,0
44,simple,20HC ASIS,20 PIES,1,0,visible,NULL,"Contenedores utilizados para almacenar mercaderia; expandir el espacio de almacenaje temporalmente como de manera fija. Tambien puedes modificarlo y hacer una casa; oficina o cualquier proyecto modular que te haga ilucion; ayudando al medio ambiente y a ser mas ecofriendly. Los contenedores tiene 15 años de uso y suelen presentar una estetica deteriorada; por su relacion; calidad - precio; es lo que que recomendamos para nuestros clientes.
",NULL,NULL,taxable,NULL,1,1,NULL,0,0,NULL,NULL,NULL,NULL,1,NULL,NULL,0,"size > 20PIES, Condition > ASIS, general > Dry > HC",NULL,NULL,http://localhost/Silversea/wp-content/uploads/2020/04/CIMG0468.png,NULL,NULL,NULL,NULL,NULL,NULL,NULL,NULL,NULL,2.43,2.89,6.05,0,0
45,simple,20HC NEW,20 PIES,1,0,visible,NULL,"Contenedores en excelente estado; vinieron con carga desde donde los producimos en Asia y luego quedan vaciados en nuetros depositos. Son aptos para carga; modificarlos para casa u oficina o para almancenaje. A todo lo que te da un contenedor usado se le suma a estos la estetica como el punto mas alto.
",NULL,NULL,taxable,NULL,1,1,NULL,0,0,NULL,NULL,NULL,NULL,1,NULL,NULL,0,"size > 20PIES, Condition > NEW, general > Dry > HC",NULL,NULL,http://localhost/Silversea/wp-content/uploads/2020/04/CIMG0468.png,NULL,NULL,NULL,NULL,NULL,NULL,NULL,NULL,NULL,2.43,2.89,6.05,0,0
46,simple,20HC 1st Voyage,20 PIES,1,0,visible,NULL,"Contenedores en excelente estado; vinieron con carga desde donde los producimos en Asia y luego quedan vaciados en nuetros depositos. Son aptos para carga; modificarlos para casa u oficina o para almancenaje. A todo lo que te da un contenedor usado se le suma a estos la estetica como el punto mas alto.
",NULL,NULL,taxable,NULL,1,1,NULL,0,0,NULL,NULL,NULL,NULL,1,NULL,NULL,0,"size > 20PIES, Condition > 1st Voyage, general > Dry > HC",NULL,NULL,http://localhost/Silversea/wp-content/uploads/2020/04/CIMG0468.png,NULL,NULL,NULL,NULL,NULL,NULL,NULL,NULL,NULL,2.43,2.89,6.05,0,0
47,simple,20HC IICL,20 PIES,1,0,visible,NULL,"Contenedores que estan en condicion de aptos para carga; puedes utilizarlos tanto para almacenaje; modificacion aunque su mayor rendimiento y para lo que se destinan es para exportar mercaderia. La condicion IICL tiene como diferencia un certificado; suelen ser del 2010 al 2012
",NULL,NULL,taxable,NULL,1,1,NULL,0,0,NULL,NULL,NULL,NULL,1,NULL,NULL,0,"size > 20PIES, Condition > IICL, general > Dry > HC",NULL,NULL,http://localhost/Silversea/wp-content/uploads/2020/04/CIMG0468.png,NULL,NULL,NULL,NULL,NULL,NULL,NULL,NULL,NULL,2.43,2.89,6.05,0,0
48,simple,20HC SCRAP,20 PIES,1,0,visible,NULL,"contenedores que han sufrido daños muy severos; desconocemos el daño especifico del contenedor; pero sabemos que no puede ser utilizado para almacenar ni exportar. Muy utilizado para chatarra o para clientes que necesitan utilizar las partes del contenedor.
",NULL,NULL,taxable,NULL,1,1,NULL,0,0,NULL,NULL,NULL,NULL,1,NULL,NULL,0,"size > 20PIES, Condition > SCRAP, general > Dry > HC",NULL,NULL,http://localhost/Silversea/wp-content/uploads/2020/04/CIMG0468.png,NULL,NULL,NULL,NULL,NULL,NULL,NULL,NULL,NULL,2.43,2.89,6.05,0,0
49,simple,20HC PW CW,20 PIES,1,0,visible,NULL,"Contenedores que estan en condicion de aptos para carga; puedes utilizarlos tanto para almacenaje; modificacion aunque su mayor rendimiento y para lo que se destinan es para exportar mercaderia
",NULL,NULL,taxable,NULL,1,1,NULL,0,0,NULL,NULL,NULL,NULL,1,NULL,NULL,0,"size > 20PIES, Condition > CW, general > Dry > HC PW",NULL,NULL,http://localhost/Silversea/wp-content/uploads/2020/04/CIMG0468.png,NULL,NULL,NULL,NULL,NULL,NULL,NULL,NULL,NULL,2.43,2.89,6.05,0,0
50,simple,20HC PW ASIS,20 PIES,1,0,visible,NULL,"Contenedores utilizados para almacenar mercaderia; expandir el espacio de almacenaje temporalmente como de manera fija. Tambien puedes modificarlo y hacer una casa; oficina o cualquier proyecto modular que te haga ilucion; ayudando al medio ambiente y a ser mas ecofriendly. Los contenedores tiene 15 años de uso y suelen presentar una estetica deteriorada; por su relacion; calidad - precio; es lo que que recomendamos para nuestros clientes.
",NULL,NULL,taxable,NULL,1,1,NULL,0,0,NULL,NULL,NULL,NULL,1,NULL,NULL,0,"size > 20PIES, Condition > ASIS, general > Dry > HC PW",NULL,NULL,http://localhost/Silversea/wp-content/uploads/2020/04/CIMG0468.png,NULL,NULL,NULL,NULL,NULL,NULL,NULL,NULL,NULL,2.43,2.89,6.05,0,0
51,simple,20HC PW NEW,20 PIES,1,0,visible,NULL,"Contenedores en excelente estado; vinieron con carga desde donde los producimos en Asia y luego quedan vaciados en nuetros depositos. Son aptos para carga; modificarlos para casa u oficina o para almancenaje. A todo lo que te da un contenedor usado se le suma a estos la estetica como el punto mas alto.
",NULL,NULL,taxable,NULL,1,1,NULL,0,0,NULL,NULL,NULL,NULL,1,NULL,NULL,0,"size > 20PIES, Condition > NEW, general > Dry > HC PW",NULL,NULL,http://localhost/Silversea/wp-content/uploads/2020/04/CIMG0468.png,NULL,NULL,NULL,NULL,NULL,NULL,NULL,NULL,NULL,2.43,2.89,6.05,0,0
52,simple,20HC PW 1st Voyage,20 PIES,1,0,visible,NULL,"Contenedores en excelente estado; vinieron con carga desde donde los producimos en Asia y luego quedan vaciados en nuetros depositos. Son aptos para carga; modificarlos para casa u oficina o para almancenaje. A todo lo que te da un contenedor usado se le suma a estos la estetica como el punto mas alto.
",NULL,NULL,taxable,NULL,1,1,NULL,0,0,NULL,NULL,NULL,NULL,1,NULL,NULL,0,"size > 20PIES, Condition > 1st Voyage, general > Dry > HC PW",NULL,NULL,http://localhost/Silversea/wp-content/uploads/2020/04/CIMG0468.png,NULL,NULL,NULL,NULL,NULL,NULL,NULL,NULL,NULL,2.43,2.89,6.05,0,0
53,simple,20HC PW IICL,20 PIES,1,0,visible,NULL,"Contenedores que estan en condicion de aptos para carga; puedes utilizarlos tanto para almacenaje; modificacion aunque su mayor rendimiento y para lo que se destinan es para exportar mercaderia. La condicion IICL tiene como diferencia un certificado; suelen ser del 2010 al 2012
",NULL,NULL,taxable,NULL,1,1,NULL,0,0,NULL,NULL,NULL,NULL,1,NULL,NULL,0,"size > 20PIES, Condition > IICL, general > Dry > HC PW",NULL,NULL,http://localhost/Silversea/wp-content/uploads/2020/04/CIMG0468.png,NULL,NULL,NULL,NULL,NULL,NULL,NULL,NULL,NULL,2.43,2.89,6.05,0,0
54,simple,20HC PW SCRAP,20 PIES,1,0,visible,NULL,"contenedores que han sufrido daños muy severos; desconocemos el daño especifico del contenedor; pero sabemos que no puede ser utilizado para almacenar ni exportar. Muy utilizado para chatarra o para clientes que necesitan utilizar las partes del contenedor.
",NULL,NULL,taxable,NULL,1,1,NULL,0,0,NULL,NULL,NULL,NULL,1,NULL,NULL,0,"size > 20PIES, Condition > SCRAP, general > Dry > HC PW",NULL,NULL,http://localhost/Silversea/wp-content/uploads/2020/04/CIMG0468.png,NULL,NULL,NULL,NULL,NULL,NULL,NULL,NULL,NULL,2.43,2.89,6.05,0,0
55,simple,20RF CW,20 PIES,1,0,visible,NULL,"Contenedores frigorificos; estos contenedores podemos usarlos para todo tipo de mercaderia; tanto refrigerada con el motor prendido para su conservacion; como con el motor apagado para poder tener un aislamiento superior. En caso de usar para lo segundo; recomendamos mirar los contenedores para almacenaje; la relacion calidad precio es mejor.
",NULL,NULL,taxable,NULL,1,1,NULL,0,0,NULL,NULL,NULL,NULL,1,NULL,NULL,0,"size > 20PIES, Condition > CW, general > Reefer > RF",NULL,NULL,http://localhost/Silversea/wp-content/uploads/2020/04/CIMG0468.png,NULL,NULL,NULL,NULL,NULL,NULL,NULL,NULL,NULL,2.43,2.59,6.05,0,0
56,simple,20RF ASIS,20 PIES,1,0,visible,NULL,"""Contenedores utilizados para almacenar mercaderia donde por diferente motivos; su temperatura debe ser menor a la normal y los contenedores que denominamos""""secos"""" no cuentan con el aislamiento que permita esto. Los contenedores contenedores no tienen el motor funcionando pero si tiene la estructura en optimas condiciones. ""
",NULL,NULL,taxable,NULL,1,1,NULL,0,0,NULL,NULL,NULL,NULL,1,NULL,NULL,0,"size > 20PIES, Condition > ASIS, general > Reefer > RF",NULL,NULL,http://localhost/Silversea/wp-content/uploads/2020/04/CIMG0468.png,NULL,NULL,NULL,NULL,NULL,NULL,NULL,NULL,NULL,2.43,2.59,6.05,0,0
57,simple,20RF NEW,20 PIES,1,0,visible,NULL,"Contenedores frigorificos; estos contenedores podemos usarlos para todo tipo de mercaderia; tanto refrigerada con el motor prendido para su conservacion; como con el motor apagado para poder tener un aislamiento superior. En caso de usar para lo segundo; recomendamos mirar los contenedores para almacenaje; la relacion calidad precio es mejor.
",NULL,NULL,taxable,NULL,1,1,NULL,0,0,NULL,NULL,NULL,NULL,1,NULL,NULL,0,"size > 20PIES, Condition > NEW, general > Reefer > RF",NULL,NULL,http://localhost/Silversea/wp-content/uploads/2020/04/CIMG0468.png,NULL,NULL,NULL,NULL,NULL,NULL,NULL,NULL,NULL,2.43,2.59,6.05,0,0
58,simple,20RF 1st Voyage,20 PIES,1,0,visible,NULL,"Contenedores frigorificos; estos contenedores podemos usarlos para todo tipo de mercaderia; tanto refrigerada con el motor prendido para su conservacion; como con el motor apagado para poder tener un aislamiento superior. En caso de usar para lo segundo; recomendamos mirar los contenedores para almacenaje; la relacion calidad precio es mejor.
",NULL,NULL,taxable,NULL,1,1,NULL,0,0,NULL,NULL,NULL,NULL,1,NULL,NULL,0,"size > 20PIES, Condition > 1st Voyage, general > Reefer > RF",NULL,NULL,http://localhost/Silversea/wp-content/uploads/2020/04/CIMG0468.png,NULL,NULL,NULL,NULL,NULL,NULL,NULL,NULL,NULL,2.43,2.59,6.05,0,0
59,simple,20RH CW,20 PIES,1,0,visible,NULL,"Contenedores frigorificos; estos contenedores podemos usarlos para todo tipo de mercaderia; tanto refrigerada con el motor prendido para su conservacion; como con el motor apagado para poder tener un aislamiento superior. En caso de usar para lo segundo; recomendamos mirar los contenedores para almacenaje; la relacion calidad precio es mejor.
",NULL,NULL,taxable,NULL,1,1,NULL,0,0,NULL,NULL,NULL,NULL,1,NULL,NULL,0,"size > 20PIES, Condition > CW, general > Reefer > RH",NULL,NULL,http://localhost/Silversea/wp-content/uploads/2020/04/CIMG0468.png,NULL,NULL,NULL,NULL,NULL,NULL,NULL,NULL,NULL,2.43,2.89,6.05,0,0
60,simple,20RH ASIS,20 PIES,1,0,visible,NULL,"""Contenedores utilizados para almacenar mercaderia donde por diferente motivos; su temperatura debe ser menor a la normal y los contenedores que denominamos""""secos"""" no cuentan con el aislamiento que permita esto. Los contenedores contenedores no tienen el motor funcionando pero si tiene la estructura en optimas condiciones. ""
",NULL,NULL,taxable,NULL,1,1,NULL,0,0,NULL,NULL,NULL,NULL,1,NULL,NULL,0,"size > 20PIES, Condition > ASIS, general > Reefer > RH",NULL,NULL,http://localhost/Silversea/wp-content/uploads/2020/04/CIMG0468.png,NULL,NULL,NULL,NULL,NULL,NULL,NULL,NULL,NULL,2.43,2.89,6.05,0,0
61,simple,20RH NEW,20 PIES,1,0,visible,NULL,"Contenedores frigorificos; estos contenedores podemos usarlos para todo tipo de mercaderia; tanto refrigerada con el motor prendido para su conservacion; como con el motor apagado para poder tener un aislamiento superior. En caso de usar para lo segundo; recomendamos mirar los contenedores para almacenaje; la relacion calidad precio es mejor.
",NULL,NULL,taxable,NULL,1,1,NULL,0,0,NULL,NULL,NULL,NULL,1,NULL,NULL,0,"size > 20PIES, Condition > NEW, general > Reefer > RH",NULL,NULL,http://localhost/Silversea/wp-content/uploads/2020/04/CIMG0468.png,NULL,NULL,NULL,NULL,NULL,NULL,NULL,NULL,NULL,2.43,2.89,6.05,0,0
62,simple,20RH 1st Voyage,20 PIES,1,0,visible,NULL,"Contenedores frigorificos; estos contenedores podemos usarlos para todo tipo de mercaderia; tanto refrigerada con el motor prendido para su conservacion; como con el motor apagado para poder tener un aislamiento superior. En caso de usar para lo segundo; recomendamos mirar los contenedores para almacenaje; la relacion calidad precio es mejor.
",NULL,NULL,taxable,NULL,1,1,NULL,0,0,NULL,NULL,NULL,NULL,1,NULL,NULL,0,"size > 20PIES, Condition > 1st Voyage, general > Reefer > RH",NULL,NULL,http://localhost/Silversea/wp-content/uploads/2020/04/CIMG0468.png,NULL,NULL,NULL,NULL,NULL,NULL,NULL,NULL,NULL,2.43,2.89,6.05,0,0
63,simple,20FR CW,20 PIES,1,0,visible,NULL,"Contenedores utilziados para carga dimensionada; donde el alto supera el permitido para los contenedores normales. 
",NULL,NULL,taxable,NULL,1,1,NULL,0,0,NULL,NULL,NULL,NULL,1,NULL,NULL,0,"size > 20PIES, Condition > CW, general > Special > FR",NULL,NULL,http://localhost/Silversea/wp-content/uploads/2020/04/CIMG0468.png,NULL,NULL,NULL,NULL,NULL,NULL,NULL,NULL,NULL,2.43,2.89,6.05,0,0
64,simple,20FR ASIS,20 PIES,1,0,visible,NULL,"Contenedores que pueden usarse para poner mercarderia sobre dimensionada; te recomendamos por la condicion que estan; un contenedor 20 Open Top dentro de nuestra seccion de especiales. Te aportara lo mismo y aun mas proteccion en los laterales.
",NULL,NULL,taxable,NULL,1,1,NULL,0,0,NULL,NULL,NULL,NULL,1,NULL,NULL,0,"size > 20PIES, Condition > ASIS, general > Special > FR",NULL,NULL,http://localhost/Silversea/wp-content/uploads/2020/04/CIMG0468.png,NULL,NULL,NULL,NULL,NULL,NULL,NULL,NULL,NULL,2.43,2.89,6.05,0,0
65,simple,20FR NEW,20 PIES,1,0,visible,NULL,"Contenedores utilziados para carga dimensionada; donde el alto supera el permitido para los contenedores normales. 
",NULL,NULL,taxable,NULL,1,1,NULL,0,0,NULL,NULL,NULL,NULL,1,NULL,NULL,0,"size > 20PIES, Condition > NEW, general > Special > FR",NULL,NULL,http://localhost/Silversea/wp-content/uploads/2020/04/CIMG0468.png,NULL,NULL,NULL,NULL,NULL,NULL,NULL,NULL,NULL,2.43,2.89,6.05,0,0
66,simple,20OS CW,20 PIES,1,0,visible,NULL,"Contenedores utilizados para almacenar mercaderia; expandir el espacio de almacenaje temporalmente como de manera fija. Estos contenedores son muy especiales por que cuentas con puertas en los laterales y te permiten retirar desde el lateral. Puede servir para espacio o modalidades de almacenaje que debes contar con una manera de almacenar y retirar mercaderia por los costados.
",NULL,NULL,taxable,NULL,1,1,NULL,0,0,NULL,NULL,NULL,NULL,1,NULL,NULL,0,"size > 20PIES, Condition > CW, general > Special > OS",NULL,NULL,http://localhost/Silversea/wp-content/uploads/2020/04/CIMG0468.png,NULL,NULL,NULL,NULL,NULL,NULL,NULL,NULL,NULL,2.43,2.59,6.05,0,0
67,simple,20OS ASIS,20 PIES,1,0,visible,NULL,"Contenedores utilizados para almacenar mercaderia; expandir el espacio de almacenaje temporalmente como de manera fija. Estos contenedores son muy especiales por que cuentas con puertas en los laterales y te permiten retirar desde el lateral. Puede servir para espacio o modalidades de almacenaje que debes contar con una manera de almacenar y retirar mercaderia por los costados.
",NULL,NULL,taxable,NULL,1,1,NULL,0,0,NULL,NULL,NULL,NULL,1,NULL,NULL,0,"size > 20PIES, Condition > ASIS, general > Special > OS",NULL,NULL,http://localhost/Silversea/wp-content/uploads/2020/04/CIMG0468.png,NULL,NULL,NULL,NULL,NULL,NULL,NULL,NULL,NULL,2.43,2.59,6.05,0,0
68,simple,20OS NEW,20 PIES,1,0,visible,NULL,"Contenedores utilizados para almacenar mercaderia; expandir el espacio de almacenaje temporalmente como de manera fija. Estos contenedores son muy especiales por que cuentas con puertas en los laterales y te permiten retirar desde el lateral. Puede servir para espacio o modalidades de almacenaje que debes contar con una manera de almacenar y retirar mercaderia por los costados.
",NULL,NULL,taxable,NULL,1,1,NULL,0,0,NULL,NULL,NULL,NULL,1,NULL,NULL,0,"size > 20PIES, Condition > NEW, general > Special > OS",NULL,NULL,http://localhost/Silversea/wp-content/uploads/2020/04/CIMG0468.png,NULL,NULL,NULL,NULL,NULL,NULL,NULL,NULL,NULL,2.43,2.59,6.05,0,0
69,simple,20OT CW,20 PIES,1,0,visible,NULL,"Contenedores para aptos para carga maritima; cuentan con una lona montable y desmondable que permite al usuario almacenar carga dimensionada o bien; cargar por arriba la mercaderia y no necesariamente por las puertas.
",NULL,NULL,taxable,NULL,1,1,NULL,0,0,NULL,NULL,NULL,NULL,1,NULL,NULL,0,"size > 20PIES, Condition > CW, general > Special > OT",NULL,NULL,http://localhost/Silversea/wp-content/uploads/2020/04/CIMG0468.png,NULL,NULL,NULL,NULL,NULL,NULL,NULL,NULL,NULL,2.43,2.59,6.05,0,0
70,simple,20OT ASIS,20 PIES,1,0,visible,NULL,"Contenedores para aptos para carga maritima; cuentan con una lona montable y desmondable que permite al usuario almacenar carga dimensionada o bien; cargar por arriba la mercaderia y no necesariamente por las puertas.
",NULL,NULL,taxable,NULL,1,1,NULL,0,0,NULL,NULL,NULL,NULL,1,NULL,NULL,0,"size > 20PIES, Condition > ASIS, general > Special > OT",NULL,NULL,http://localhost/Silversea/wp-content/uploads/2020/04/CIMG0468.png,NULL,NULL,NULL,NULL,NULL,NULL,NULL,NULL,NULL,2.43,2.59,6.05,0,0
71,simple,20OT NEW,20 PIES,1,0,visible,NULL,"Contenedores para aptos para carga maritima; cuentan con una lona montable y desmondable que permite al usuario almacenar carga dimensionada o bien; cargar por arriba la mercaderia y no necesariamente por las puertas.
",NULL,NULL,taxable,NULL,1,1,NULL,0,0,NULL,NULL,NULL,NULL,1,NULL,NULL,0,"size > 20PIES, Condition > NEW, general > Special > OT",NULL,NULL,http://localhost/Silversea/wp-content/uploads/2020/04/CIMG0468.png,NULL,NULL,NULL,NULL,NULL,NULL,NULL,NULL,NULL,2.43,2.59,6.05,0,0
72,simple,20OT REBUILT,20 PIES,1,0,visible,NULL,"Contenedores para aptos para carga maritima; cuentan con una lona montable y desmondable que permite al usuario almacenar carga dimensionada o bien; cargar por arriba la mercaderia y no necesariamente por las puertas.
",NULL,NULL,taxable,NULL,1,1,NULL,0,0,NULL,NULL,NULL,NULL,1,NULL,NULL,0,"size > 20PIES, Condition > REBUILT, general > Special > OT",NULL,NULL,http://localhost/Silversea/wp-content/uploads/2020/04/CIMG0468.png,NULL,NULL,NULL,NULL,NULL,NULL,NULL,NULL,NULL,2.43,2.59,6.05,0,0
73,simple,20TK CW,20 PIES,1,0,visible,NULL,"Contenedores para transporte de liquidos o a granel
",NULL,NULL,taxable,NULL,1,1,NULL,0,0,NULL,NULL,NULL,NULL,1,NULL,NULL,0,"size > 20PIES, Condition > CW, general > Special > TK",NULL,NULL,http://localhost/Silversea/wp-content/uploads/2020/04/CIMG0468.png,NULL,NULL,NULL,NULL,NULL,NULL,NULL,NULL,NULL,2.43,2.59,6.05,0,0
74,simple,20TK ASIS,20 PIES,1,0,visible,NULL,"Estos contenedores estan en condicion sin revisar; recomendamos siempre optar por los aptos para carga; que permitiran utilizarlos para exportacion.
",NULL,NULL,taxable,NULL,1,1,NULL,0,0,NULL,NULL,NULL,NULL,1,NULL,NULL,0,"size > 20PIES, Condition > ASIS, general > Special > TK",NULL,NULL,http://localhost/Silversea/wp-content/uploads/2020/04/CIMG0468.png,NULL,NULL,NULL,NULL,NULL,NULL,NULL,NULL,NULL,2.43,2.59,6.05,0,0
75,simple,20TK NEW,20 PIES,1,0,visible,NULL,"Contenedores para transporte de liquidos o a granel
",NULL,NULL,taxable,NULL,1,1,NULL,0,0,NULL,NULL,NULL,NULL,1,NULL,NULL,0,"size > 20PIES, Condition > NEW, general > Special > TK",NULL,NULL,http://localhost/Silversea/wp-content/uploads/2020/04/CIMG0468.png,NULL,NULL,NULL,NULL,NULL,NULL,NULL,NULL,NULL,2.43,2.59,6.05,0,0
76,simple,20DC DD CW,20 PIES,1,0,visible,NULL,"Contenedores que cuentan con doble puerta; tanto por el frente como por la parte trasera
",NULL,NULL,taxable,NULL,1,1,NULL,0,0,NULL,NULL,NULL,NULL,1,NULL,NULL,0,"size > 20PIES, Condition > CW, general > Special > DC DD",NULL,NULL,http://localhost/Silversea/wp-content/uploads/2020/04/CIMG0468.png,NULL,NULL,NULL,NULL,NULL,NULL,NULL,NULL,NULL,2.43,2.59,6.05,0,0
77,simple,20DC DD NEW,20 PIES,1,0,visible,NULL,"Contenedores que cuentan con doble puerta; tanto por el frente como por la parte trasera
",NULL,NULL,taxable,NULL,1,1,NULL,0,0,NULL,NULL,NULL,NULL,1,NULL,NULL,0,"size > 20PIES, Condition > NEW, general > Special > DC DD",NULL,NULL,http://localhost/Silversea/wp-content/uploads/2020/04/CIMG0468.png,NULL,NULL,NULL,NULL,NULL,NULL,NULL,NULL,NULL,2.43,2.59,6.05,0,0
78,simple,20DC DD 1st Voyage,20 PIES,1,0,visible,NULL,"Contenedores que cuentan con doble puerta; tanto por el frente como por la parte trasera
",NULL,NULL,taxable,NULL,1,1,NULL,0,0,NULL,NULL,NULL,NULL,1,NULL,NULL,0,"size > 20PIES, Condition > 1st Voyage, general > Special > DC DD",NULL,NULL,http://localhost/Silversea/wp-content/uploads/2020/04/CIMG0468.png,NULL,NULL,NULL,NULL,NULL,NULL,NULL,NULL,NULL,2.43,2.59,6.05,0,0
79,simple,20HC DD CW,20 PIES,1,0,visible,NULL,"Contenedores que cuentan con doble puerta; tanto por el frente como por la parte trasera
",NULL,NULL,taxable,NULL,1,1,NULL,0,0,NULL,NULL,NULL,NULL,1,NULL,NULL,0,"size > 20PIES, Condition > CW, general > Special > HC DD",NULL,NULL,http://localhost/Silversea/wp-content/uploads/2020/04/CIMG0468.png,NULL,NULL,NULL,NULL,NULL,NULL,NULL,NULL,NULL,2.43,2.89,6.05,0,0
80,simple,20HC DD NEW,20 PIES,1,0,visible,NULL,"Contenedores que cuentan con doble puerta; tanto por el frente como por la parte trasera
",NULL,NULL,taxable,NULL,1,1,NULL,0,0,NULL,NULL,NULL,NULL,1,NULL,NULL,0,"size > 20PIES, Condition > NEW, general > Special > HC DD",NULL,NULL,http://localhost/Silversea/wp-content/uploads/2020/04/CIMG0468.png,NULL,NULL,NULL,NULL,NULL,NULL,NULL,NULL,NULL,2.43,2.89,6.05,0,0
81,simple,20HC DD 1st Voyage,20 PIES,1,0,visible,NULL,"Contenedores que cuentan con doble puerta; tanto por el frente como por la parte trasera
",NULL,NULL,taxable,NULL,1,1,NULL,0,0,NULL,NULL,NULL,NULL,1,NULL,NULL,0,"size > 20PIES, Condition > 1st Voyage, general > Special > HC DD",NULL,NULL,http://localhost/Silversea/wp-content/uploads/2020/04/CIMG0468.png,NULL,NULL,NULL,NULL,NULL,NULL,NULL,NULL,NULL,2.43,2.89,6.05,0,0
82,simple,40DC CW,40 PIES,1,0,visible,NULL,"Contenedores que estan en condicion de aptos para carga; puedes utilizarlos tanto para almacenaje; modificacion aunque su mayor rendimiento y para lo que se destinan es para exportar mercaderia
",NULL,NULL,taxable,NULL,1,1,NULL,0,0,NULL,NULL,NULL,NULL,1,NULL,NULL,0,"size > 40PIES, Condition > CW, general > Dry > DC",NULL,NULL,http://localhost/Silversea/wp-content/uploads/2020/04/CIMG0468.png,NULL,NULL,NULL,NULL,NULL,NULL,NULL,NULL,NULL,2.43,2.59,12.19,0,0
83,simple,40DC ASIS,40 PIES,1,0,visible,NULL,"Contenedores utilizados para almacenar mercaderia; expandir el espacio de almacenaje temporalmente como de manera fija. Los contenedores tiene 15 años de uso y suelen presentar una estetica deteriorada; sin duda es su relacion; calidad - precio es lo que que recomendamos para nuestros clientes.
",NULL,NULL,taxable,NULL,1,1,NULL,0,0,NULL,NULL,NULL,NULL,1,NULL,NULL,0,"size > 40PIES, Condition > ASIS, general > Dry > DC",NULL,NULL,http://localhost/Silversea/wp-content/uploads/2020/04/CIMG0468.png,NULL,NULL,NULL,NULL,NULL,NULL,NULL,NULL,NULL,2.43,2.59,12.19,0,0
84,simple,40DC NEW,40 PIES,1,0,visible,NULL,"Contenedores en excelente estado; vinieron con carga desde donde los producimos en Asia y luego quedan vaciados en nuetros depositos. Son aptos para carga; modificarlos para casa u oficina o para almancenaje. A todo lo que te da un contenedor usado se le suma a estos la estetica como el punto mas alto.
",NULL,NULL,taxable,NULL,1,1,NULL,0,0,NULL,NULL,NULL,NULL,1,NULL,NULL,0,"size > 40PIES, Condition > NEW, general > Dry > DC",NULL,NULL,http://localhost/Silversea/wp-content/uploads/2020/04/CIMG0468.png,NULL,NULL,NULL,NULL,NULL,NULL,NULL,NULL,NULL,2.43,2.59,12.19,0,0
85,simple,40DC 1st Voyage,40 PIES,1,0,visible,NULL,"Contenedores en excelente estado; vinieron con carga desde donde los producimos en Asia y luego quedan vaciados en nuetros depositos. Son aptos para carga; modificarlos para casa u oficina o para almancenaje. A todo lo que te da un contenedor usado se le suma a estos la estetica como el punto mas alto.
",NULL,NULL,taxable,NULL,1,1,NULL,0,0,NULL,NULL,NULL,NULL,1,NULL,NULL,0,"size > 40PIES, Condition > 1st Voyage, general > Dry > DC",NULL,NULL,http://localhost/Silversea/wp-content/uploads/2020/04/CIMG0468.png,NULL,NULL,NULL,NULL,NULL,NULL,NULL,NULL,NULL,2.43,2.59,12.19,0,0
86,simple,40DC IICL,40 PIES,1,0,visible,NULL,"Contenedores que estan en condicion de aptos para carga; puedes utilizarlos tanto para almacenaje; modificacion aunque su mayor rendimiento y para lo que se destinan es para exportar mercaderia. La condicion IICL tiene como diferencia un certificado; suelen ser del 2010 al 2012
",NULL,NULL,taxable,NULL,1,1,NULL,0,0,NULL,NULL,NULL,NULL,1,NULL,NULL,0,"size > 40PIES, Condition > IICL, general > Dry > DC",NULL,NULL,http://localhost/Silversea/wp-content/uploads/2020/04/CIMG0468.png,NULL,NULL,NULL,NULL,NULL,NULL,NULL,NULL,NULL,2.43,2.59,12.19,0,0
87,simple,40DC SCRAP,40 PIES,1,0,visible,NULL,"contenedores que han sufrido daños muy severos; desconocemos el daño especifico del contenedor; pero sabemos que no puede ser utilizado para almacenar ni exportar. Muy utilizado para chatarra o para clientes que necesitan utilizar las partes del contenedor.
",NULL,NULL,taxable,NULL,1,1,NULL,0,0,NULL,NULL,NULL,NULL,1,NULL,NULL,0,"size > 40PIES, Condition > SCRAP, general > Dry > DC",NULL,NULL,http://localhost/Silversea/wp-content/uploads/2020/04/CIMG0468.png,NULL,NULL,NULL,NULL,NULL,NULL,NULL,NULL,NULL,2.43,2.59,12.19,0,0
88,simple,40HC CW,40 PIES,1,0,visible,NULL,"Contenedores que estan en condicion de aptos para carga; puedes utilizarlos tanto para almacenaje; modificacion aunque su mayor rendimiento y para lo que se destinan es para exportar mercaderia
",NULL,NULL,taxable,NULL,1,1,NULL,0,0,NULL,NULL,NULL,NULL,1,NULL,NULL,0,"size > 40PIES, Condition > CW, general > Dry > HC",NULL,NULL,http://localhost/Silversea/wp-content/uploads/2020/04/CIMG0468.png,NULL,NULL,NULL,NULL,NULL,NULL,NULL,NULL,NULL,2.43,2.89,12.19,0,0
89,simple,40HC ASIS,40 PIES,1,0,visible,NULL,"Contenedores utilizados para almacenar mercaderia; expandir el espacio de almacenaje temporalmente como de manera fija. Tambien puedes modificarlo y hacer una casa; oficina o cualquier proyecto modular que te haga ilucion; ayudando al medio ambiente y a ser mas ecofriendly. Los contenedores tiene 15 años de uso y suelen presentar una estetica deteriorada; por su relacion; calidad - precio; es lo que que recomendamos para nuestros clientes.
",NULL,NULL,taxable,NULL,1,1,NULL,0,0,NULL,NULL,NULL,NULL,1,NULL,NULL,0,"size > 40PIES, Condition > ASIS, general > Dry > HC",NULL,NULL,http://localhost/Silversea/wp-content/uploads/2020/04/CIMG0468.png,NULL,NULL,NULL,NULL,NULL,NULL,NULL,NULL,NULL,2.43,2.89,12.19,0,0
90,simple,40HC NEW,40 PIES,1,0,visible,NULL,"Contenedores en excelente estado; vinieron con carga desde donde los producimos en Asia y luego quedan vaciados en nuetros depositos. Son aptos para carga; modificarlos para casa u oficina o para almancenaje. A todo lo que te da un contenedor usado se le suma a estos la estetica como el punto mas alto.
",NULL,NULL,taxable,NULL,1,1,NULL,0,0,NULL,NULL,NULL,NULL,1,NULL,NULL,0,"size > 40PIES, Condition > NEW, general > Dry > HC",NULL,NULL,http://localhost/Silversea/wp-content/uploads/2020/04/CIMG0468.png,NULL,NULL,NULL,NULL,NULL,NULL,NULL,NULL,NULL,2.43,2.89,12.19,0,0
91,simple,40HC 1st Voyage,40 PIES,1,0,visible,NULL,"Contenedores en excelente estado; vinieron con carga desde donde los producimos en Asia y luego quedan vaciados en nuetros depositos. Son aptos para carga; modificarlos para casa u oficina o para almancenaje. A todo lo que te da un contenedor usado se le suma a estos la estetica como el punto mas alto.
",NULL,NULL,taxable,NULL,1,1,NULL,0,0,NULL,NULL,NULL,NULL,1,NULL,NULL,0,"size > 40PIES, Condition > 1st Voyage, general > Dry > HC",NULL,NULL,http://localhost/Silversea/wp-content/uploads/2020/04/CIMG0468.png,NULL,NULL,NULL,NULL,NULL,NULL,NULL,NULL,NULL,2.43,2.89,12.19,0,0
92,simple,40HC IICL,40 PIES,1,0,visible,NULL,"Contenedores que estan en condicion de aptos para carga; puedes utilizarlos tanto para almacenaje; modificacion aunque su mayor rendimiento y para lo que se destinan es para exportar mercaderia. La condicion IICL tiene como diferencia un certificado; suelen ser del 2010 al 2012
",NULL,NULL,taxable,NULL,1,1,NULL,0,0,NULL,NULL,NULL,NULL,1,NULL,NULL,0,"size > 40PIES, Condition > IICL, general > Dry > HC",NULL,NULL,http://localhost/Silversea/wp-content/uploads/2020/04/CIMG0468.png,NULL,NULL,NULL,NULL,NULL,NULL,NULL,NULL,NULL,2.43,2.89,12.19,0,0
93,simple,40HC SCRAP,40 PIES,1,0,visible,NULL,"contenedores que han sufrido daños muy severos; desconocemos el daño especifico del contenedor; pero sabemos que no puede ser utilizado para almacenar ni exportar. Muy utilizado para chatarra o para clientes que necesitan utilizar las partes del contenedor.
",NULL,NULL,taxable,NULL,1,1,NULL,0,0,NULL,NULL,NULL,NULL,1,NULL,NULL,0,"size > 40PIES, Condition > SCRAP, general > Dry > HC",NULL,NULL,http://localhost/Silversea/wp-content/uploads/2020/04/CIMG0468.png,NULL,NULL,NULL,NULL,NULL,NULL,NULL,NULL,NULL,2.43,2.89,12.19,0,0
94,simple,40HC PW CW,40 PIES,1,0,visible,NULL,"Contenedores que estan en condicion de aptos para carga; puedes utilizarlos tanto para almacenaje; modificacion aunque su mayor rendimiento y para lo que se destinan es para exportar mercaderia
",NULL,NULL,taxable,NULL,1,1,NULL,0,0,NULL,NULL,NULL,NULL,1,NULL,NULL,0,"size > 40PIES, Condition > CW, general > Dry > HC PW",NULL,NULL,http://localhost/Silversea/wp-content/uploads/2020/04/CIMG0468.png,NULL,NULL,NULL,NULL,NULL,NULL,NULL,NULL,NULL,2.43,2.89,12.19,0,0
95,simple,40HC PW ASIS,40 PIES,1,0,visible,NULL,"Contenedores utilizados para almacenar mercaderia; expandir el espacio de almacenaje temporalmente como de manera fija. Tambien puedes modificarlo y hacer una casa; oficina o cualquier proyecto modular que te haga ilucion; ayudando al medio ambiente y a ser mas ecofriendly. Los contenedores tiene 15 años de uso y suelen presentar una estetica deteriorada; por su relacion; calidad - precio; es lo que que recomendamos para nuestros clientes.
",NULL,NULL,taxable,NULL,1,1,NULL,0,0,NULL,NULL,NULL,NULL,1,NULL,NULL,0,"size > 40PIES, Condition > ASIS, general > Dry > HC PW",NULL,NULL,http://localhost/Silversea/wp-content/uploads/2020/04/CIMG0468.png,NULL,NULL,NULL,NULL,NULL,NULL,NULL,NULL,NULL,2.43,2.89,12.19,0,0
96,simple,40HC PW NEW,40 PIES,1,0,visible,NULL,"Contenedores en excelente estado; vinieron con carga desde donde los producimos en Asia y luego quedan vaciados en nuetros depositos. Son aptos para carga; modificarlos para casa u oficina o para almancenaje. A todo lo que te da un contenedor usado se le suma a estos la estetica como el punto mas alto.
",NULL,NULL,taxable,NULL,1,1,NULL,0,0,NULL,NULL,NULL,NULL,1,NULL,NULL,0,"size > 40PIES, Condition > NEW, general > Dry > HC PW",NULL,NULL,http://localhost/Silversea/wp-content/uploads/2020/04/CIMG0468.png,NULL,NULL,NULL,NULL,NULL,NULL,NULL,NULL,NULL,2.43,2.89,12.19,0,0
97,simple,40HC PW 1st Voyage,40 PIES,1,0,visible,NULL,"Contenedores en excelente estado; vinieron con carga desde donde los producimos en Asia y luego quedan vaciados en nuetros depositos. Son aptos para carga; modificarlos para casa u oficina o para almancenaje. A todo lo que te da un contenedor usado se le suma a estos la estetica como el punto mas alto.
",NULL,NULL,taxable,NULL,1,1,NULL,0,0,NULL,NULL,NULL,NULL,1,NULL,NULL,0,"size > 40PIES, Condition > 1st Voyage, general > Dry > HC PW",NULL,NULL,http://localhost/Silversea/wp-content/uploads/2020/04/CIMG0468.png,NULL,NULL,NULL,NULL,NULL,NULL,NULL,NULL,NULL,2.43,2.89,12.19,0,0
98,simple,40HC PW IICL,40 PIES,1,0,visible,NULL,"Contenedores que estan en condicion de aptos para carga; puedes utilizarlos tanto para almacenaje; modificacion aunque su mayor rendimiento y para lo que se destinan es para exportar mercaderia. La condicion IICL tiene como diferencia un certificado; suelen ser del 2010 al 2012
",NULL,NULL,taxable,NULL,1,1,NULL,0,0,NULL,NULL,NULL,NULL,1,NULL,NULL,0,"size > 40PIES, Condition > IICL, general > Dry > HC PW",NULL,NULL,http://localhost/Silversea/wp-content/uploads/2020/04/CIMG0468.png,NULL,NULL,NULL,NULL,NULL,NULL,NULL,NULL,NULL,2.43,2.89,12.19,0,0
99,simple,40HC PW SCRAP,40 PIES,1,0,visible,NULL,"contenedores que han sufrido daños muy severos; desconocemos el daño especifico del contenedor; pero sabemos que no puede ser utilizado para almacenar ni exportar. Muy utilizado para chatarra o para clientes que necesitan utilizar las partes del contenedor.
",NULL,NULL,taxable,NULL,1,1,NULL,0,0,NULL,NULL,NULL,NULL,1,NULL,NULL,0,"size > 40PIES, Condition > SCRAP, general > Dry > HC PW",NULL,NULL,http://localhost/Silversea/wp-content/uploads/2020/04/CIMG0468.png,NULL,NULL,NULL,NULL,NULL,NULL,NULL,NULL,NULL,2.43,2.89,12.19,0,0
100,simple,40RF CW,40 PIES,1,0,visible,NULL,"Contenedores frigorificos; estos contenedores podemos usarlos para todo tipo de mercaderia; tanto refrigerada con el motor prendido para su conservacion; como con el motor apagado para poder tener un aislamiento superior. En caso de usar para lo segundo; recomendamos mirar los contenedores para almacenaje; la relacion calidad precio es mejor.
",NULL,NULL,taxable,NULL,1,1,NULL,0,0,NULL,NULL,NULL,NULL,1,NULL,NULL,0,"size > 40PIES, Condition > CW, general > Reefer > RF",NULL,NULL,http://localhost/Silversea/wp-content/uploads/2020/04/CIMG0468.png,NULL,NULL,NULL,NULL,NULL,NULL,NULL,NULL,NULL,2.43,2.59,12.19,0,0
101,simple,40RF ASIS,40 PIES,1,0,visible,NULL,"""Contenedores utilizados para almacenar mercaderia donde por diferente motivos; su temperatura debe ser menor a la normal y los contenedores que denominamos""""secos"""" no cuentan con el aislamiento que permita esto. Los contenedores contenedores no tienen el motor funcionando pero si tiene la estructura en optimas condiciones. ""
",NULL,NULL,taxable,NULL,1,1,NULL,0,0,NULL,NULL,NULL,NULL,1,NULL,NULL,0,"size > 40PIES, Condition > ASIS, general > Reefer > RF",NULL,NULL,http://localhost/Silversea/wp-content/uploads/2020/04/CIMG0468.png,NULL,NULL,NULL,NULL,NULL,NULL,NULL,NULL,NULL,2.43,2.59,12.19,0,0
102,simple,40RF NEW,40 PIES,1,0,visible,NULL,"Contenedores frigorificos; estos contenedores podemos usarlos para todo tipo de mercaderia; tanto refrigerada con el motor prendido para su conservacion; como con el motor apagado para poder tener un aislamiento superior. En caso de usar para lo segundo; recomendamos mirar los contenedores para almacenaje; la relacion calidad precio es mejor.
",NULL,NULL,taxable,NULL,1,1,NULL,0,0,NULL,NULL,NULL,NULL,1,NULL,NULL,0,"size > 40PIES, Condition > NEW, general > Reefer > RF",NULL,NULL,http://localhost/Silversea/wp-content/uploads/2020/04/CIMG0468.png,NULL,NULL,NULL,NULL,NULL,NULL,NULL,NULL,NULL,2.43,2.59,12.19,0,0
103,simple,40RF 1st Voyage,40 PIES,1,0,visible,NULL,"Contenedores frigorificos; estos contenedores podemos usarlos para todo tipo de mercaderia; tanto refrigerada con el motor prendido para su conservacion; como con el motor apagado para poder tener un aislamiento superior. En caso de usar para lo segundo; recomendamos mirar los contenedores para almacenaje; la relacion calidad precio es mejor.
",NULL,NULL,taxable,NULL,1,1,NULL,0,0,NULL,NULL,NULL,NULL,1,NULL,NULL,0,"size > 40PIES, Condition > 1st Voyage, general > Reefer > RF",NULL,NULL,http://localhost/Silversea/wp-content/uploads/2020/04/CIMG0468.png,NULL,NULL,NULL,NULL,NULL,NULL,NULL,NULL,NULL,2.43,2.89,12.19,0,0
104,simple,40RH CW,40 PIES,1,0,visible,NULL,"Contenedores frigorificos; estos contenedores podemos usarlos para todo tipo de mercaderia; tanto refrigerada con el motor prendido para su conservacion; como con el motor apagado para poder tener un aislamiento superior. En caso de usar para lo segundo; recomendamos mirar los contenedores para almacenaje; la relacion calidad precio es mejor.
",NULL,NULL,taxable,NULL,1,1,NULL,0,0,NULL,NULL,NULL,NULL,1,NULL,NULL,0,"size > 40PIES, Condition > CW, general > Reefer > RH",NULL,NULL,http://localhost/Silversea/wp-content/uploads/2020/04/CIMG0468.png,NULL,NULL,NULL,NULL,NULL,NULL,NULL,NULL,NULL,2.43,2.89,12.19,0,0
105,simple,40RH ASIS,40 PIES,1,0,visible,NULL,"""Contenedores utilizados para almacenar mercaderia donde por diferente motivos; su temperatura debe ser menor a la normal y los contenedores que denominamos""""secos"""" no cuentan con el aislamiento que permita esto. Los contenedores contenedores no tienen el motor funcionando pero si tiene la estructura en optimas condiciones. ""
",NULL,NULL,taxable,NULL,1,1,NULL,0,0,NULL,NULL,NULL,NULL,1,NULL,NULL,0,"size > 40PIES, Condition > ASIS, general > Reefer > RH",NULL,NULL,http://localhost/Silversea/wp-content/uploads/2020/04/CIMG0468.png,NULL,NULL,NULL,NULL,NULL,NULL,NULL,NULL,NULL,2.43,2.89,12.19,0,0
106,simple,40RH NEW,40 PIES,1,0,visible,NULL,"Contenedores frigorificos; estos contenedores podemos usarlos para todo tipo de mercaderia; tanto refrigerada con el motor prendido para su conservacion; como con el motor apagado para poder tener un aislamiento superior. En caso de usar para lo segundo; recomendamos mirar los contenedores para almacenaje; la relacion calidad precio es mejor.
",NULL,NULL,taxable,NULL,1,1,NULL,0,0,NULL,NULL,NULL,NULL,1,NULL,NULL,0,"size > 40PIES, Condition > NEW, general > Reefer > RH",NULL,NULL,http://localhost/Silversea/wp-content/uploads/2020/04/CIMG0468.png,NULL,NULL,NULL,NULL,NULL,NULL,NULL,NULL,NULL,2.43,2.89,12.19,0,0
107,simple,40RH 1st Voyage,40 PIES,1,0,visible,NULL,"Contenedores frigorificos; estos contenedores podemos usarlos para todo tipo de mercaderia; tanto refrigerada con el motor prendido para su conservacion; como con el motor apagado para poder tener un aislamiento superior. En caso de usar para lo segundo; recomendamos mirar los contenedores para almacenaje; la relacion calidad precio es mejor.
",NULL,NULL,taxable,NULL,1,1,NULL,0,0,NULL,NULL,NULL,NULL,1,NULL,NULL,0,"size > 40PIES, Condition > 1st Voyage, general > Reefer > RH",NULL,NULL,http://localhost/Silversea/wp-content/uploads/2020/04/CIMG0468.png,NULL,NULL,NULL,NULL,NULL,NULL,NULL,NULL,NULL,2.43,2.89,12.19,0,0
108,simple,40FR CW,40 PIES,1,0,visible,NULL,"Contenedores utilziados para carga dimensionada; donde el alto supera el permitido para los contenedores normales. 
",NULL,NULL,taxable,NULL,1,1,NULL,0,0,NULL,NULL,NULL,NULL,1,NULL,NULL,0,"size > 40PIES, Condition > CW, general > Special > FR",NULL,NULL,http://localhost/Silversea/wp-content/uploads/2020/04/CIMG0468.png,NULL,NULL,NULL,NULL,NULL,NULL,NULL,NULL,NULL,2.43,2.59,12.19,0,0
109,simple,40FR ASIS,40 PIES,1,0,visible,NULL,"Contenedores que pueden usarse para poner mercarderia sobre dimensionada; te recomendamos por la condicion que estan; un contenedor 40 Open Top dentro de nuestra seccion de especiales.Te aportara lo mismo y aun mas proteccion en los laterales.
",NULL,NULL,taxable,NULL,1,1,NULL,0,0,NULL,NULL,NULL,NULL,1,NULL,NULL,0,"size > 40PIES, Condition > ASIS, general > Special > FR",NULL,NULL,http://localhost/Silversea/wp-content/uploads/2020/04/CIMG0468.png,NULL,NULL,NULL,NULL,NULL,NULL,NULL,NULL,NULL,2.43,2.59,12.19,0,0
110,simple,40FR NEW,40 PIES,1,0,visible,NULL,"Contenedores utilziados para carga dimensionada; donde el alto supera el permitido para los contenedores normales. 
",NULL,NULL,taxable,NULL,1,1,NULL,0,0,NULL,NULL,NULL,NULL,1,NULL,NULL,0,"size > 40PIES, Condition > NEW, general > Special > FR",NULL,NULL,http://localhost/Silversea/wp-content/uploads/2020/04/CIMG0468.png,NULL,NULL,NULL,NULL,NULL,NULL,NULL,NULL,NULL,2.43,2.59,12.19,0,0
111,simple,40OS CW,40 PIES,1,0,visible,NULL,"Contenedores utilizados para almacenar mercaderia; expandir el espacio de almacenaje temporalmente como de manera fija. Estos contenedores son muy especiales por que cuentas con puertas en los laterales y te permiten retirar desde el lateral. Puede servir para espacio o modalidades de almacenaje que debes contar con una manera de almacenar y retirar mercaderia por los costados.
",NULL,NULL,taxable,NULL,1,1,NULL,0,0,NULL,NULL,NULL,NULL,1,NULL,NULL,0,"size > 40PIES, Condition > CW, general > Special > OS",NULL,NULL,http://localhost/Silversea/wp-content/uploads/2020/04/CIMG0468.png,NULL,NULL,NULL,NULL,NULL,NULL,NULL,NULL,NULL,2.43,2.59,12.19,0,0
112,simple,40OS ASIS,40 PIES,1,0,visible,NULL,"Contenedores utilizados para almacenar mercaderia; expandir el espacio de almacenaje temporalmente como de manera fija. Estos contenedores son muy especiales por que cuentas con puertas en los laterales y te permiten retirar desde el lateral. Puede servir para espacio o modalidades de almacenaje que debes contar con una manera de almacenar y retirar mercaderia por los costados.
",NULL,NULL,taxable,NULL,1,1,NULL,0,0,NULL,NULL,NULL,NULL,1,NULL,NULL,0,"size > 40PIES, Condition > ASIS, general > Special > OS",NULL,NULL,http://localhost/Silversea/wp-content/uploads/2020/04/CIMG0468.png,NULL,NULL,NULL,NULL,NULL,NULL,NULL,NULL,NULL,2.43,2.59,12.19,0,0
113,simple,40OS NEW,40 PIES,1,0,visible,NULL,"Contenedores utilizados para almacenar mercaderia; expandir el espacio de almacenaje temporalmente como de manera fija. Estos contenedores son muy especiales por que cuentas con puertas en los laterales y te permiten retirar desde el lateral. Puede servir para espacio o modalidades de almacenaje que debes contar con una manera de almacenar y retirar mercaderia por los costados.
",NULL,NULL,taxable,NULL,1,1,NULL,0,0,NULL,NULL,NULL,NULL,1,NULL,NULL,0,"size > 40PIES, Condition > NEW, general > Special > OS",NULL,NULL,http://localhost/Silversea/wp-content/uploads/2020/04/CIMG0468.png,NULL,NULL,NULL,NULL,NULL,NULL,NULL,NULL,NULL,2.43,2.59,12.19,0,0
114,simple,40OT CW,40 PIES,1,0,visible,NULL,"Contenedores para aptos para carga maritima; cuentan con una lona montable y desmondable que permite al usuario almacenar carga dimensionada o bien; cargar por arriba la mercaderia y no necesariamente por las puertas.
",NULL,NULL,taxable,NULL,1,1,NULL,0,0,NULL,NULL,NULL,NULL,1,NULL,NULL,0,"size > 40PIES, Condition > CW, general > Special > OT",NULL,NULL,http://localhost/Silversea/wp-content/uploads/2020/04/CIMG0468.png,NULL,NULL,NULL,NULL,NULL,NULL,NULL,NULL,NULL,2.43,2.59,12.19,0,0
115,simple,40OT ASIS,40 PIES,1,0,visible,NULL,"Contenedores para aptos para carga maritima; cuentan con una lona montable y desmondable que permite al usuario almacenar carga dimensionada o bien; cargar por arriba la mercaderia y no necesariamente por las puertas.
",NULL,NULL,taxable,NULL,1,1,NULL,0,0,NULL,NULL,NULL,NULL,1,NULL,NULL,0,"size > 40PIES, Condition > ASIS, general > Special > OT",NULL,NULL,http://localhost/Silversea/wp-content/uploads/2020/04/CIMG0468.png,NULL,NULL,NULL,NULL,NULL,NULL,NULL,NULL,NULL,2.43,2.59,12.19,0,0
116,simple,40OT NEW,40 PIES,1,0,visible,NULL,"Contenedores para aptos para carga maritima; cuentan con una lona montable y desmondable que permite al usuario almacenar carga dimensionada o bien; cargar por arriba la mercaderia y no necesariamente por las puertas.
",NULL,NULL,taxable,NULL,1,1,NULL,0,0,NULL,NULL,NULL,NULL,1,NULL,NULL,0,"size > 40PIES, Condition > NEW, general > Special > OT",NULL,NULL,http://localhost/Silversea/wp-content/uploads/2020/04/CIMG0468.png,NULL,NULL,NULL,NULL,NULL,NULL,NULL,NULL,NULL,2.43,2.59,12.19,0,0
117,simple,40OT REBUILT,40 PIES,1,0,visible,NULL,"Contenedores para aptos para carga maritima; cuentan con una lona montable y desmondable que permite al usuario almacenar carga dimensionada o bien; cargar por arriba la mercaderia y no necesariamente por las puertas.
",NULL,NULL,taxable,NULL,1,1,NULL,0,0,NULL,NULL,NULL,NULL,1,NULL,NULL,0,"size > 40PIES, Condition > REBUILT, general > Special > OT",NULL,NULL,http://localhost/Silversea/wp-content/uploads/2020/04/CIMG0468.png,NULL,NULL,NULL,NULL,NULL,NULL,NULL,NULL,NULL,2.43,2.59,12.19,0,0
118,simple,40TK CW,40 PIES,1,0,visible,NULL,"Contenedores para transporte de liquidos o a granel
",NULL,NULL,taxable,NULL,1,1,NULL,0,0,NULL,NULL,NULL,NULL,1,NULL,NULL,0,"size > 40PIES, Condition > CW, general > Special > TK",NULL,NULL,http://localhost/Silversea/wp-content/uploads/2020/04/CIMG0468.png,NULL,NULL,NULL,NULL,NULL,NULL,NULL,NULL,NULL,2.43,2.59,12.19,0,0
119,simple,40TK ASIS,40 PIES,1,0,visible,NULL,"Estos contenedores estan en condicion sin revisar; recomendamos siempre optar por los aptos para carga; que permitiran utilizarlos para exportacion.
",NULL,NULL,taxable,NULL,1,1,NULL,0,0,NULL,NULL,NULL,NULL,1,NULL,NULL,0,"size > 40PIES, Condition > ASIS, general > Special > TK",NULL,NULL,http://localhost/Silversea/wp-content/uploads/2020/04/CIMG0468.png,NULL,NULL,NULL,NULL,NULL,NULL,NULL,NULL,NULL,2.43,2.59,12.19,0,0
120,simple,40TK NEW,40 PIES,1,0,visible,NULL,"Contenedores para transporte de liquidos o a granel
",NULL,NULL,taxable,NULL,1,1,NULL,0,0,NULL,NULL,NULL,NULL,1,NULL,NULL,0,"size > 40PIES, Condition > NEW, general > Special > TK",NULL,NULL,http://localhost/Silversea/wp-content/uploads/2020/04/CIMG0468.png,NULL,NULL,NULL,NULL,NULL,NULL,NULL,NULL,NULL,2.43,2.59,12.19,0,0
121,simple,40DC DD CW,40 PIES,1,0,visible,NULL,"Contenedores que cuentan con doble puerta; tanto por el frente como por la parte trasera
",NULL,NULL,taxable,NULL,1,1,NULL,0,0,NULL,NULL,NULL,NULL,1,NULL,NULL,0,"size > 40PIES, Condition > CW, general > Special > DC DD",NULL,NULL,http://localhost/Silversea/wp-content/uploads/2020/04/CIMG0468.png,NULL,NULL,NULL,NULL,NULL,NULL,NULL,NULL,NULL,2.43,2.59,12.19,0,0
122,simple,40DC DD NEW,40 PIES,1,0,visible,NULL,"Contenedores que cuentan con doble puerta; tanto por el frente como por la parte trasera
",NULL,NULL,taxable,NULL,1,1,NULL,0,0,NULL,NULL,NULL,NULL,1,NULL,NULL,0,"size > 40PIES, Condition > NEW, general > Special > DC DD",NULL,NULL,http://localhost/Silversea/wp-content/uploads/2020/04/CIMG0468.png,NULL,NULL,NULL,NULL,NULL,NULL,NULL,NULL,NULL,2.43,2.59,12.19,0,0
123,simple,40DC DD 1st Voyage,40 PIES,1,0,visible,NULL,"Contenedores que cuentan con doble puerta; tanto por el frente como por la parte trasera
",NULL,NULL,taxable,NULL,1,1,NULL,0,0,NULL,NULL,NULL,NULL,1,NULL,NULL,0,"size > 40PIES, Condition > 1st Voyage, general > Special > DC DD",NULL,NULL,http://localhost/Silversea/wp-content/uploads/2020/04/CIMG0468.png,NULL,NULL,NULL,NULL,NULL,NULL,NULL,NULL,NULL,2.43,2.59,12.19,0,0
124,simple,40HC DD CW,40 PIES,1,0,visible,NULL,"Contenedores que cuentan con doble puerta; tanto por el frente como por la parte trasera
",NULL,NULL,taxable,NULL,1,1,NULL,0,0,NULL,NULL,NULL,NULL,1,NULL,NULL,0,"size > 40PIES, Condition > CW, general > Special > HC DD",NULL,NULL,http://localhost/Silversea/wp-content/uploads/2020/04/CIMG0468.png,NULL,NULL,NULL,NULL,NULL,NULL,NULL,NULL,NULL,2.43,2.89,12.19,0,0
125,simple,40HC DD NEW,40 PIES,1,0,visible,NULL,"Contenedores que cuentan con doble puerta; tanto por el frente como por la parte trasera
",NULL,NULL,taxable,NULL,1,1,NULL,0,0,NULL,NULL,NULL,NULL,1,NULL,NULL,0,"size > 40PIES, Condition > NEW, general > Special > HC DD",NULL,NULL,http://localhost/Silversea/wp-content/uploads/2020/04/CIMG0468.png,NULL,NULL,NULL,NULL,NULL,NULL,NULL,NULL,NULL,2.43,2.89,12.19,0,0
126,simple,40HC DD 1st Voyage,40 PIES,1,0,visible,NULL,"Contenedores que cuentan con doble puerta; tanto por el frente como por la parte trasera
",NULL,NULL,taxable,NULL,1,1,NULL,0,0,NULL,NULL,NULL,NULL,1,NULL,NULL,0,"size > 40PIES, Condition > 1st Voyage, general > Special > HC DD",NULL,NULL,http://localhost/Silversea/wp-content/uploads/2020/04/CIMG0468.png,NULL,NULL,NULL,NULL,NULL,NULL,NULL,NULL,NULL,2.43,2.89,12.19,0,0
127,simple,45DC CW,45 PIES,1,0,visible,NULL,"Contenedores que estan en condicion de aptos para carga; puedes utilizarlos tanto para almacenaje; modificacion aunque su mayor rendimiento y para lo que se destinan es para exportar mercaderia. Tiene 5 pies mas de espacio; esto aporta mas espacio para las exportaciones y permite optimizar mas los fletes maritimos; aunque no siempre es esi;
",NULL,NULL,taxable,NULL,1,1,NULL,0,0,NULL,NULL,NULL,NULL,1,NULL,NULL,0,"size > 45PIES, Condition > CW, general > Dry > DC",NULL,NULL,http://localhost/Silversea/wp-content/uploads/2020/04/CIMG0468.png,NULL,NULL,NULL,NULL,NULL,NULL,NULL,NULL,NULL,2.44,2.69,13.72,0,0
128,simple,45DC ASIS,45 PIES,1,0,visible,NULL,"Contenedores utilizados para almacenar mercaderia; expandir el espacio de almacenaje temporalmente como de manera fija. Los contenedores tiene 15 años de uso y suelen presentar una estetica deteriorada; sin duda es su relacion; calidad - precio es lo que que recomendamos para nuestros clientes.
",NULL,NULL,taxable,NULL,1,1,NULL,0,0,NULL,NULL,NULL,NULL,1,NULL,NULL,0,"size > 45PIES, Condition > ASIS, general > Dry > DC",NULL,NULL,http://localhost/Silversea/wp-content/uploads/2020/04/CIMG0468.png,NULL,NULL,NULL,NULL,NULL,NULL,NULL,NULL,NULL,2.44,2.69,13.72,0,0
129,simple,45DC NEW,45 PIES,1,0,visible,NULL,"Contenedores que estan en condicion de aptos para carga; puedes utilizarlos tanto para almacenaje; modificacion aunque su mayor rendimiento y para lo que se destinan es para exportar mercaderia. Tiene 5 pies mas de espacio; esto aporta mas espacio para las exportaciones y permite optimizar mas los fletes maritimos; aunque no siempre es esi;
",NULL,NULL,taxable,NULL,1,1,NULL,0,0,NULL,NULL,NULL,NULL,1,NULL,NULL,0,"size > 45PIES, Condition > NEW, general > Dry > DC",NULL,NULL,http://localhost/Silversea/wp-content/uploads/2020/04/CIMG0468.png,NULL,NULL,NULL,NULL,NULL,NULL,NULL,NULL,NULL,2.44,2.69,13.72,0,0
130,simple,45DC 1st Voyage,45 PIES,1,0,visible,NULL,"Contenedores que estan en condicion de aptos para carga; puedes utilizarlos tanto para almacenaje; modificacion aunque su mayor rendimiento y para lo que se destinan es para exportar mercaderia. Tiene 5 pies mas de espacio; esto aporta mas espacio para las exportaciones y permite optimizar mas los fletes maritimos; aunque no siempre es esi;
",NULL,NULL,taxable,NULL,1,1,NULL,0,0,NULL,NULL,NULL,NULL,1,NULL,NULL,0,"size > 45PIES, Condition > 1st Voyage, general > Dry > DC",NULL,NULL,http://localhost/Silversea/wp-content/uploads/2020/04/CIMG0468.png,NULL,NULL,NULL,NULL,NULL,NULL,NULL,NULL,NULL,2.44,2.69,13.72,0,0
131,simple,45DC IICL,45 PIES,1,0,visible,NULL,"Contenedores que estan en condicion de aptos para carga; puedes utilizarlos tanto para almacenaje; modificacion aunque su mayor rendimiento y para lo que se destinan es para exportar mercaderia. Tiene 5 pies mas de espacio; esto aporta mas espacio para las exportaciones y permite optimizar mas los fletes maritimos; aunque no siempre es esi;
",NULL,NULL,taxable,NULL,1,1,NULL,0,0,NULL,NULL,NULL,NULL,1,NULL,NULL,0,"size > 45PIES, Condition > IICL, general > Dry > DC",NULL,NULL,http://localhost/Silversea/wp-content/uploads/2020/04/CIMG0468.png,NULL,NULL,NULL,NULL,NULL,NULL,NULL,NULL,NULL,2.44,2.69,13.72,0,0
132,simple,45DC SCRAP,45 PIES,1,0,visible,NULL,"contenedores que han sufrido daños muy severos; desconocemos el daño especifico del contenedor; pero sabemos que no puede ser utilizado para almacenar ni exportar. Muy utilizado para chatarra o para clientes que necesitan utilizar las partes del contenedor.
",NULL,NULL,taxable,NULL,1,1,NULL,0,0,NULL,NULL,NULL,NULL,1,NULL,NULL,0,"size > 45PIES, Condition > SCRAP, general > Dry > DC",NULL,NULL,http://localhost/Silversea/wp-content/uploads/2020/04/CIMG0468.png,NULL,NULL,NULL,NULL,NULL,NULL,NULL,NULL,NULL,2.44,2.69,13.72,0,0
133,simple,45HC CW,45 PIES,1,0,visible,NULL,"Contenedores que estan en condicion de aptos para carga; puedes utilizarlos tanto para almacenaje; modificacion aunque su mayor rendimiento y para lo que se destinan es para exportar mercaderia. Tiene 5 pies mas de espacio; esto aporta mas espacio para las exportaciones y permite optimizar mas los fletes maritimos; aunque no siempre es esi;
",NULL,NULL,taxable,NULL,1,1,NULL,0,0,NULL,NULL,NULL,NULL,1,NULL,NULL,0,"size > 45PIES, Condition > CW, general > Dry > HC",NULL,NULL,http://localhost/Silversea/wp-content/uploads/2020/04/CIMG0468.png,NULL,NULL,NULL,NULL,NULL,NULL,NULL,NULL,NULL,2.44,2.89,13.72,0,0
134,simple,45HC ASIS,45 PIES,1,0,visible,NULL,"Contenedores utilizados para almacenar mercaderia; expandir el espacio de almacenaje temporalmente como de manera fija. Tambien puedes modificarlo y hacer una casa; oficina o cualquier proyecto modular que te haga ilucion; ayudando al medio ambiente y a ser mas ecofriendly. Los contenedores tiene 15 años de uso y suelen presentar una estetica deteriorada; por su relacion; calidad - precio; es lo que que recomendamos para nuestros clientes.
",NULL,NULL,taxable,NULL,1,1,NULL,0,0,NULL,NULL,NULL,NULL,1,NULL,NULL,0,"size > 45PIES, Condition > ASIS, general > Dry > HC",NULL,NULL,http://localhost/Silversea/wp-content/uploads/2020/04/CIMG0468.png,NULL,NULL,NULL,NULL,NULL,NULL,NULL,NULL,NULL,2.44,2.89,13.72,0,0
135,simple,45HC NEW,45 PIES,1,0,visible,NULL,"Contenedores que estan en condicion de aptos para carga; puedes utilizarlos tanto para almacenaje; modificacion aunque su mayor rendimiento y para lo que se destinan es para exportar mercaderia. Tiene 5 pies mas de espacio; esto aporta mas espacio para las exportaciones y permite optimizar mas los fletes maritimos; aunque no siempre es esi;
",NULL,NULL,taxable,NULL,1,1,NULL,0,0,NULL,NULL,NULL,NULL,1,NULL,NULL,0,"size > 45PIES, Condition > NEW, general > Dry > HC",NULL,NULL,http://localhost/Silversea/wp-content/uploads/2020/04/CIMG0468.png,NULL,NULL,NULL,NULL,NULL,NULL,NULL,NULL,NULL,2.44,2.89,13.72,0,0
136,simple,45HC 1st Voyage,45 PIES,1,0,visible,NULL,"Contenedores que estan en condicion de aptos para carga; puedes utilizarlos tanto para almacenaje; modificacion aunque su mayor rendimiento y para lo que se destinan es para exportar mercaderia. Tiene 5 pies mas de espacio; esto aporta mas espacio para las exportaciones y permite optimizar mas los fletes maritimos; aunque no siempre es esi;
",NULL,NULL,taxable,NULL,1,1,NULL,0,0,NULL,NULL,NULL,NULL,1,NULL,NULL,0,"size > 45PIES, Condition > 1st Voyage, general > Dry > HC",NULL,NULL,http://localhost/Silversea/wp-content/uploads/2020/04/CIMG0468.png,NULL,NULL,NULL,NULL,NULL,NULL,NULL,NULL,NULL,2.44,2.89,13.72,0,0
137,simple,45HC IICL,45 PIES,1,0,visible,NULL,"Contenedores que estan en condicion de aptos para carga; puedes utilizarlos tanto para almacenaje; modificacion aunque su mayor rendimiento y para lo que se destinan es para exportar mercaderia. Tiene 5 pies mas de espacio; esto aporta mas espacio para las exportaciones y permite optimizar mas los fletes maritimos; aunque no siempre es esi;
",NULL,NULL,taxable,NULL,1,1,NULL,0,0,NULL,NULL,NULL,NULL,1,NULL,NULL,0,"size > 45PIES, Condition > IICL, general > Dry > HC",NULL,NULL,http://localhost/Silversea/wp-content/uploads/2020/04/CIMG0468.png,NULL,NULL,NULL,NULL,NULL,NULL,NULL,NULL,NULL,2.44,2.89,13.72,0,0
138,simple,45HC SCRAP,45 PIES,1,0,visible,NULL,"contenedores que han sufrido daños muy severos; desconocemos el daño especifico del contenedor; pero sabemos que no puede ser utilizado para almacenar ni exportar. Muy utilizado para chatarra o para clientes que necesitan utilizar las partes del contenedor.
",NULL,NULL,taxable,NULL,1,1,NULL,0,0,NULL,NULL,NULL,NULL,1,NULL,NULL,0,"size > 45PIES, Condition > SCRAP, general > Dry > HC",NULL,NULL,http://localhost/Silversea/wp-content/uploads/2020/04/CIMG0468.png,NULL,NULL,NULL,NULL,NULL,NULL,NULL,NULL,NULL,2.44,2.89,13.72,0,0
139,simple,45HC PW CW,45 PIES,1,0,visible,NULL,"Contenedores que estan en condicion de aptos para carga; puedes utilizarlos tanto para almacenaje; modificacion aunque su mayor rendimiento y para lo que se destinan es para exportar mercaderia. Tiene 5 pies mas de espacio; esto aporta mas espacio para las exportaciones y permite optimizar mas los fletes maritimos; aunque no siempre es esi;
",NULL,NULL,taxable,NULL,1,1,NULL,0,0,NULL,NULL,NULL,NULL,1,NULL,NULL,0,"size > 45PIES, Condition > CW, general > Dry > HC PW",NULL,NULL,http://localhost/Silversea/wp-content/uploads/2020/04/CIMG0468.png,NULL,NULL,NULL,NULL,NULL,NULL,NULL,NULL,NULL,2.44,2.89,13.72,0,0
140,simple,45HC PW ASIS,45 PIES,1,0,visible,NULL,"Contenedores utilizados para almacenar mercaderia; expandir el espacio de almacenaje temporalmente como de manera fija. Tambien puedes modificarlo y hacer una casa; oficina o cualquier proyecto modular que te haga ilucion; ayudando al medio ambiente y a ser mas ecofriendly. Los contenedores tiene 15 años de uso y suelen presentar una estetica deteriorada; por su relacion; calidad - precio; es lo que que recomendamos para nuestros clientes.
",NULL,NULL,taxable,NULL,1,1,NULL,0,0,NULL,NULL,NULL,NULL,1,NULL,NULL,0,"size > 45PIES, Condition > ASIS, general > Dry > HC PW",NULL,NULL,http://localhost/Silversea/wp-content/uploads/2020/04/CIMG0468.png,NULL,NULL,NULL,NULL,NULL,NULL,NULL,NULL,NULL,2.44,2.89,13.72,0,0
141,simple,45HC PW NEW,45 PIES,1,0,visible,NULL,"Contenedores que estan en condicion de aptos para carga; puedes utilizarlos tanto para almacenaje; modificacion aunque su mayor rendimiento y para lo que se destinan es para exportar mercaderia. Tiene 5 pies mas de espacio; esto aporta mas espacio para las exportaciones y permite optimizar mas los fletes maritimos; aunque no siempre es esi;
",NULL,NULL,taxable,NULL,1,1,NULL,0,0,NULL,NULL,NULL,NULL,1,NULL,NULL,0,"size > 45PIES, Condition > NEW, general > Dry > HC PW",NULL,NULL,http://localhost/Silversea/wp-content/uploads/2020/04/CIMG0468.png,NULL,NULL,NULL,NULL,NULL,NULL,NULL,NULL,NULL,2.44,2.89,13.72,0,0
142,simple,45HC PW 1st Voyage,45 PIES,1,0,visible,NULL,"Contenedores que estan en condicion de aptos para carga; puedes utilizarlos tanto para almacenaje; modificacion aunque su mayor rendimiento y para lo que se destinan es para exportar mercaderia. Tiene 5 pies mas de espacio; esto aporta mas espacio para las exportaciones y permite optimizar mas los fletes maritimos; aunque no siempre es esi;
",NULL,NULL,taxable,NULL,1,1,NULL,0,0,NULL,NULL,NULL,NULL,1,NULL,NULL,0,"size > 45PIES, Condition > 1st Voyage, general > Dry > HC PW",NULL,NULL,http://localhost/Silversea/wp-content/uploads/2020/04/CIMG0468.png,NULL,NULL,NULL,NULL,NULL,NULL,NULL,NULL,NULL,2.44,2.89,13.72,0,0
143,simple,45HC PW IICL,45 PIES,1,0,visible,NULL,"Contenedores que estan en condicion de aptos para carga; puedes utilizarlos tanto para almacenaje; modificacion aunque su mayor rendimiento y para lo que se destinan es para exportar mercaderia. Tiene 5 pies mas de espacio; esto aporta mas espacio para las exportaciones y permite optimizar mas los fletes maritimos; aunque no siempre es esi;
",NULL,NULL,taxable,NULL,1,1,NULL,0,0,NULL,NULL,NULL,NULL,1,NULL,NULL,0,"size > 45PIES, Condition > IICL, general > Dry > HC PW",NULL,NULL,http://localhost/Silversea/wp-content/uploads/2020/04/CIMG0468.png,NULL,NULL,NULL,NULL,NULL,NULL,NULL,NULL,NULL,2.44,2.89,13.72,0,0
144,simple,45HC PW SCRAP,45 PIES,1,0,visible,NULL,"contenedores que han sufrido daños muy severos; desconocemos el daño especifico del contenedor; pero sabemos que no puede ser utilizado para almacenar ni exportar. Muy utilizado para chatarra o para clientes que necesitan utilizar las partes del contenedor.
",NULL,NULL,taxable,NULL,1,1,NULL,0,0,NULL,NULL,NULL,NULL,1,NULL,NULL,0,"size > 45PIES, Condition > SCRAP, general > Dry > HC PW",NULL,NULL,http://localhost/Silversea/wp-content/uploads/2020/04/CIMG0468.png,NULL,NULL,NULL,NULL,NULL,NULL,NULL,NULL,NULL,2.44,2.89,13.72,0,0
145,simple,45RF CW,45 PIES,1,0,visible,NULL,"Contenedores frigorificos; estos contenedores podemos usarlos para todo tipo de mercaderia; tanto refrigerada con el motor prendido para su conservacion; como con el motor apagado para poder tener un aislamiento superior. En caso de usar para lo segundo; recomendamos mirar los contenedores para almacenaje; la relacion calidad precio es mejor.
",NULL,NULL,taxable,NULL,1,1,NULL,0,0,NULL,NULL,NULL,NULL,1,NULL,NULL,0,"size > 45PIES, Condition > CW, general > Reefer > RF",NULL,NULL,http://localhost/Silversea/wp-content/uploads/2020/04/CIMG0468.png,NULL,NULL,NULL,NULL,NULL,NULL,NULL,NULL,NULL,2.44,2.89,13.72,0,0
146,simple,45RF ASIS,45 PIES,1,0,visible,NULL,"""Contenedores utilizados para almacenar mercaderia donde por diferente motivos; su temperatura debe ser menor a la normal y los contenedores que denominamos""""secos"""" no cuentan con el aislamiento que permita esto. Los contenedores contenedores no tienen el motor funcionando pero si tiene la estructura en optimas condiciones. ""
",NULL,NULL,taxable,NULL,1,1,NULL,0,0,NULL,NULL,NULL,NULL,1,NULL,NULL,0,"size > 45PIES, Condition > ASIS, general > Reefer > RF",NULL,NULL,http://localhost/Silversea/wp-content/uploads/2020/04/CIMG0468.png,NULL,NULL,NULL,NULL,NULL,NULL,NULL,NULL,NULL,2.44,2.89,13.72,0,0
147,simple,45RF NEW,45 PIES,1,0,visible,NULL,"Contenedores frigorificos; estos contenedores podemos usarlos para todo tipo de mercaderia; tanto refrigerada con el motor prendido para su conservacion; como con el motor apagado para poder tener un aislamiento superior. En caso de usar para lo segundo; recomendamos mirar los contenedores para almacenaje; la relacion calidad precio es mejor.
",NULL,NULL,taxable,NULL,1,1,NULL,0,0,NULL,NULL,NULL,NULL,1,NULL,NULL,0,"size > 45PIES, Condition > NEW, general > Reefer > RF",NULL,NULL,http://localhost/Silversea/wp-content/uploads/2020/04/CIMG0468.png,NULL,NULL,NULL,NULL,NULL,NULL,NULL,NULL,NULL,2.44,2.89,13.72,0,0
148,simple,45RF 1st Voyage,45 PIES,1,0,visible,NULL,Contenedores frigorificos; estos contenedores podemos usarlos para todo tipo de mercaderia; tanto refrigerada con el motor prendido para su conservacion; como con el motor apagado para poder tener un aislamiento superior. En caso de usar para lo segundo; recomendamos mirar los contenedores para almacenaje; la relacion calidad precio es mejor.,NULL,NULL,taxable,NULL,1,1,NULL,0,0,NULL,NULL,NULL,NULL,1,NULL,NULL,0,"size > 45PIES, Condition > 1st Voyage, general > Reefer > RF",NULL,NULL,http://localhost/Silversea/wp-content/uploads/2020/04/CIMG0468.png,NULL,NULL,NULL,NULL,NULL,NULL,NULL,NULL,NULL,2.44,2.89,13.72,0,0